module,strategy,run,payload_bytes,duration_s,mean_power_mW,energy_mJ,efficiency_mJ_per_KB,run_total_energy_mJ,run_mean_active_power_mW,baseline_mean_mA,baseline_std_mA
ble_nrf52,full_payload,1,1,0.741,37.4265,27.733811,28399.422121,1106.8324,37.4778,6.28557,1.96575
ble_nrf52,full_payload,1,2,0.546,37.4098,20.425668,10457.941908,1106.8324,37.4778,6.28557,1.96575
ble_nrf52,full_payload,1,4,0.545,37.4929,20.426919,5229.291176,1106.8324,37.4778,6.28557,1.96575
ble_nrf52,full_payload,1,8,0.543,37.3579,20.285427,2596.534596,1106.8324,37.4778,6.28557,1.96575
ble_nrf52,full_payload,1,16,0.518,37.3874,19.366698,1239.468659,1106.8324,37.4778,6.28557,1.96575
ble_nrf52,full_payload,1,32,0.546,37.544,20.497708,655.926665,1106.8324,37.4778,6.28557,1.96575
ble_nrf52,full_payload,1,64,0.575,37.5503,21.588152,345.41043,1106.8324,37.4778,6.28557,1.96575
ble_nrf52,full_payload,1,128,0.522,37.397,19.520545,156.164364,1106.8324,37.4778,6.28557,1.96575
ble_nrf52,full_payload,1,256,0.546,37.3946,20.417613,81.670452,1106.8324,37.4778,6.28557,1.96575
ble_nrf52,full_payload,1,512,0.574,37.483,21.509891,43.019781,1106.8324,37.4778,6.28557,1.96575
ble_nrf52,full_payload,1,1024,0.62,37.8379,23.442114,23.442114,1106.8324,37.4778,6.28557,1.96575
ble_nrf52,full_payload,1,2048,0.77,37.9287,29.197746,14.598873,1106.8324,37.4778,6.28557,1.96575
ble_nrf52,full_payload,1,4096,0.868,38.1317,33.095887,8.273972,1106.8324,37.4778,6.28557,1.96575
ble_nrf52,full_payload,1,8192,1.341,37.9615,50.890802,6.36135,1106.8324,37.4778,6.28557,1.96575
ble_nrf52,full_payload,1,16384,2.175,37.4063,81.401812,5.087613,1106.8324,37.4778,6.28557,1.96575
ble_nrf52,full_payload,1,32768,4.117,36.8703,151.815316,4.744229,1106.8324,37.4778,6.28557,1.96575
ble_nrf52,full_payload,1,65536,7.926,37.0692,293.913778,4.592403,1106.8324,37.4778,6.28557,1.96575
ble_nrf52,full_payload,1,131072,1.516,38.1169,57.781906,0.451421,1106.8324,37.4778,6.28557,1.96575
ble_nrf52,full_payload,1,262144,1.521,38.233,58.159108,0.227184,1106.8324,37.4778,6.28557,1.96575
ble_nrf52,full_payload,1,524288,1.518,38.1453,57.927019,0.113139,1106.8324,37.4778,6.28557,1.96575
ble_nrf52,full_payload,1,1048576,1.505,38.151,57.434525,0.056088,1106.8324,37.4778,6.28557,1.96575
ble_nrf52,full_payload,2,1,0.759,37.4861,28.451416,29134.249605,1132.2601,36.8502,6.6171,0.91053
ble_nrf52,full_payload,2,2,0.523,37.4999,19.612248,10041.471053,1132.2601,36.8502,6.6171,0.91053
ble_nrf52,full_payload,2,4,0.545,37.5457,20.47397,5241.336292,1132.2601,36.8502,6.6171,0.91053
ble_nrf52,full_payload,2,8,0.545,37.5355,20.459701,2618.841773,1132.2601,36.8502,6.6171,0.91053
ble_nrf52,full_payload,2,16,0.565,37.4876,21.182638,1355.688861,1132.2601,36.8502,6.6171,0.91053
ble_nrf52,full_payload,2,32,0.495,37.5023,18.561989,593.983653,1132.2601,36.8502,6.6171,0.91053
ble_nrf52,full_payload,2,64,0.544,37.4408,20.365645,325.850321,1132.2601,36.8502,6.6171,0.91053
ble_nrf52,full_payload,2,128,0.547,37.446,20.4828,163.862399,1132.2601,36.8502,6.6171,0.91053
ble_nrf52,full_payload,2,256,0.57,37.5975,21.42883,85.715321,1132.2601,36.8502,6.6171,0.91053
ble_nrf52,full_payload,2,512,0.576,37.6646,21.689924,43.379847,1132.2601,36.8502,6.6171,0.91053
ble_nrf52,full_payload,2,1024,0.587,37.6065,22.065959,22.065959,1132.2601,36.8502,6.6171,0.91053
ble_nrf52,full_payload,2,2048,0.763,37.8952,28.914148,14.457074,1132.2601,36.8502,6.6171,0.91053
ble_nrf52,full_payload,2,4096,0.871,38.118,33.195072,8.298768,1132.2601,36.8502,6.6171,0.91053
ble_nrf52,full_payload,2,8192,1.497,36.3092,54.423076,6.802885,1132.2601,36.8502,6.6171,0.91053
ble_nrf52,full_payload,2,16384,2.393,36.3113,86.951664,5.434479,1132.2601,36.8502,6.6171,0.91053
ble_nrf52,full_payload,2,32768,4.173,36.8888,153.893943,4.809186,1132.2601,36.8502,6.6171,0.91053
ble_nrf52,full_payload,2,65536,8.693,35.4463,307.890934,4.810796,1132.2601,36.8502,6.6171,0.91053
ble_nrf52,full_payload,2,131072,1.516,38.0316,57.675514,0.45059,1132.2601,36.8502,6.6171,0.91053
ble_nrf52,full_payload,2,262144,1.52,38.3778,58.339917,0.22789,1132.2601,36.8502,6.6171,0.91053
ble_nrf52,full_payload,2,524288,1.523,38.1037,58.02627,0.113333,1132.2601,36.8502,6.6171,0.91053
ble_nrf52,full_payload,2,1048576,1.521,38.24,58.174491,0.056811,1132.2601,36.8502,6.6171,0.91053
ble_nrf52,full_payload,3,1,0.737,37.4006,27.563307,28224.826291,1143.8957,36.2957,7.25603,1.82592
ble_nrf52,full_payload,3,2,0.552,37.4046,20.647213,10571.372867,1143.8957,36.2957,7.25603,1.82592
ble_nrf52,full_payload,3,4,0.53,37.3292,19.785051,5064.973014,1143.8957,36.2957,7.25603,1.82592
ble_nrf52,full_payload,3,8,0.554,37.4028,20.720838,2652.267299,1143.8957,36.2957,7.25603,1.82592
ble_nrf52,full_payload,3,16,0.515,37.4451,19.282278,1234.065772,1143.8957,36.2957,7.25603,1.82592
ble_nrf52,full_payload,3,32,0.558,37.483,20.915554,669.297742,1143.8957,36.2957,7.25603,1.82592
ble_nrf52,full_payload,3,64,0.522,37.3399,19.491113,311.857809,1143.8957,36.2957,7.25603,1.82592
ble_nrf52,full_payload,3,128,0.555,37.3782,20.745778,165.966222,1143.8957,36.2957,7.25603,1.82592
ble_nrf52,full_payload,3,256,0.516,37.4328,19.316602,77.266409,1143.8957,36.2957,7.25603,1.82592
ble_nrf52,full_payload,3,512,0.62,37.5945,23.297527,46.595053,1143.8957,36.2957,7.25603,1.82592
ble_nrf52,full_payload,3,1024,0.639,37.7451,24.109503,24.109503,1143.8957,36.2957,7.25603,1.82592
ble_nrf52,full_payload,3,2048,0.705,37.7492,26.618309,13.309154,1143.8957,36.2957,7.25603,1.82592
ble_nrf52,full_payload,3,4096,0.919,37.8103,34.770219,8.692555,1143.8957,36.2957,7.25603,1.82592
ble_nrf52,full_payload,3,8192,1.429,37.0696,52.984845,6.623106,1143.8957,36.2957,7.25603,1.82592
ble_nrf52,full_payload,3,16384,2.474,35.4823,87.815224,5.488452,1143.8957,36.2957,7.25603,1.82592
ble_nrf52,full_payload,3,32768,4.573,35.3036,161.475262,5.046102,1143.8957,36.2957,7.25603,1.82592
ble_nrf52,full_payload,3,65536,9.077,34.6075,314.126075,4.90822,1143.8957,36.2957,7.25603,1.82592
ble_nrf52,full_payload,3,131072,1.501,38.0851,57.167434,0.446621,1143.8957,36.2957,7.25603,1.82592
ble_nrf52,full_payload,3,262144,1.508,38.1115,57.497607,0.2246,1143.8957,36.2957,7.25603,1.82592
ble_nrf52,full_payload,3,524288,1.514,38.1679,57.781882,0.112855,1143.8957,36.2957,7.25603,1.82592
ble_nrf52,full_payload,3,1048576,1.518,38.0671,57.78406,0.05643,1143.8957,36.2957,7.25603,1.82592
ble_nrf52,full_payload,4,1,0.762,37.3972,28.495699,29179.596104,1141.8674,36.2498,7.16991,1.71569
ble_nrf52,full_payload,4,2,0.524,37.4723,19.633125,10052.1598,1141.8674,36.2498,7.16991,1.71569
ble_nrf52,full_payload,4,4,0.529,37.4154,19.783615,5064.605315,1141.8674,36.2498,7.16991,1.71569
ble_nrf52,full_payload,4,8,0.549,37.3332,20.496715,2623.579538,1141.8674,36.2498,7.16991,1.71569
ble_nrf52,full_payload,4,16,0.523,37.4008,19.559987,1251.839171,1141.8674,36.2498,7.16991,1.71569
ble_nrf52,full_payload,4,32,0.557,37.429,20.845476,667.055236,1141.8674,36.2498,7.16991,1.71569
ble_nrf52,full_payload,4,64,0.524,37.3849,19.587528,313.400451,1141.8674,36.2498,7.16991,1.71569
ble_nrf52,full_payload,4,128,0.56,37.3923,20.938278,167.506221,1141.8674,36.2498,7.16991,1.71569
ble_nrf52,full_payload,4,256,0.579,37.4327,21.66979,86.679162,1141.8674,36.2498,7.16991,1.71569
ble_nrf52,full_payload,4,512,0.586,37.743,22.131219,44.262438,1141.8674,36.2498,7.16991,1.71569
ble_nrf52,full_payload,4,1024,0.586,37.5634,22.004696,22.004696,1141.8674,36.2498,7.16991,1.71569
ble_nrf52,full_payload,4,2048,0.792,37.5474,29.737487,14.868744,1141.8674,36.2498,7.16991,1.71569
ble_nrf52,full_payload,4,4096,1.005,36.9598,37.117139,9.279285,1141.8674,36.2498,7.16991,1.71569
ble_nrf52,full_payload,4,8192,1.43,35.4885,50.725898,6.340737,1141.8674,36.2498,7.16991,1.71569
ble_nrf52,full_payload,4,16384,2.444,35.6439,87.193072,5.449567,1141.8674,36.2498,7.16991,1.71569
ble_nrf52,full_payload,4,32768,4.605,34.942,160.976425,5.030513,1141.8674,36.2498,7.16991,1.71569
ble_nrf52,full_payload,4,65536,8.889,34.873,310.027578,4.844181,1141.8674,36.2498,7.16991,1.71569
ble_nrf52,full_payload,4,131072,1.515,38.059,57.669102,0.45054,1141.8674,36.2498,7.16991,1.71569
ble_nrf52,full_payload,4,262144,1.506,38.283,57.633043,0.225129,1141.8674,36.2498,7.16991,1.71569
ble_nrf52,full_payload,4,524288,1.526,38.0623,58.087733,0.113453,1141.8674,36.2498,7.16991,1.71569
ble_nrf52,full_payload,4,1048576,1.509,38.1359,57.553833,0.056205,1141.8674,36.2498,7.16991,1.71569
ble_nrf52,full_payload,5,1,0.769,37.4124,28.768148,29458.583194,1144.8104,36.2718,7.21291,1.84667
ble_nrf52,full_payload,5,2,0.524,37.4234,19.604656,10037.584128,1144.8104,36.2718,7.21291,1.84667
ble_nrf52,full_payload,5,4,0.527,37.3228,19.669315,5035.344695,1144.8104,36.2718,7.21291,1.84667
ble_nrf52,full_payload,5,8,0.557,37.3877,20.824775,2665.571209,1144.8104,36.2718,7.21291,1.84667
ble_nrf52,full_payload,5,16,0.523,37.484,19.602878,1254.584169,1144.8104,36.2718,7.21291,1.84667
ble_nrf52,full_payload,5,32,0.555,37.4205,20.768699,664.598357,1144.8104,36.2718,7.21291,1.84667
ble_nrf52,full_payload,5,64,0.527,37.3662,19.691879,315.070071,1144.8104,36.2718,7.21291,1.84667
ble_nrf52,full_payload,5,128,0.55,37.4077,20.573108,164.584861,1144.8104,36.2718,7.21291,1.84667
ble_nrf52,full_payload,5,256,0.555,37.5884,20.866051,83.464203,1144.8104,36.2718,7.21291,1.84667
ble_nrf52,full_payload,5,512,0.559,37.5207,20.967373,41.934745,1144.8104,36.2718,7.21291,1.84667
ble_nrf52,full_payload,5,1024,0.672,37.6931,25.324218,25.324218,1144.8104,36.2718,7.21291,1.84667
ble_nrf52,full_payload,5,2048,0.707,37.6243,26.610956,13.305478,1144.8104,36.2718,7.21291,1.84667
ble_nrf52,full_payload,5,4096,1.031,37.1925,38.404708,9.601177,1144.8104,36.2718,7.21291,1.84667
ble_nrf52,full_payload,5,8192,1.373,35.7833,49.243044,6.15538,1144.8104,36.2718,7.21291,1.84667
ble_nrf52,full_payload,5,16384,2.388,35.9069,85.587039,5.34919,1144.8104,36.2718,7.21291,1.84667
ble_nrf52,full_payload,5,32768,4.7,34.8926,164.027364,5.125855,1144.8104,36.2718,7.21291,1.84667
ble_nrf52,full_payload,5,65536,8.984,34.8484,313.350595,4.896103,1144.8104,36.2718,7.21291,1.84667
ble_nrf52,full_payload,5,131072,1.515,38.1405,57.787185,0.451462,1144.8104,36.2718,7.21291,1.84667
ble_nrf52,full_payload,5,262144,1.517,38.0248,57.685283,0.225333,1144.8104,36.2718,7.21291,1.84667
ble_nrf52,full_payload,5,524288,1.514,38.0095,57.553369,0.112409,1144.8104,36.2718,7.21291,1.84667
ble_nrf52,full_payload,5,1048576,1.515,38.2147,57.899793,0.056543,1144.8104,36.2718,7.21291,1.84667
ble_nrf52,full_payload,6,1,0.768,37.4104,28.72927,29418.772838,1148.0841,36.2229,7.25051,1.85601
ble_nrf52,full_payload,6,2,0.528,37.5005,19.794018,10134.537093,1148.0841,36.2229,7.25051,1.85601
ble_nrf52,full_payload,6,4,0.528,37.3444,19.717377,5047.648616,1148.0841,36.2229,7.25051,1.85601
ble_nrf52,full_payload,6,8,0.556,37.3844,20.786106,2660.621505,1148.0841,36.2229,7.25051,1.85601
ble_nrf52,full_payload,6,16,0.553,37.4143,20.691031,1324.225996,1148.0841,36.2229,7.25051,1.85601
ble_nrf52,full_payload,6,32,0.526,37.4689,19.701226,630.439218,1148.0841,36.2229,7.25051,1.85601
ble_nrf52,full_payload,6,64,0.553,37.3813,20.67021,330.723368,1148.0841,36.2229,7.25051,1.85601
ble_nrf52,full_payload,6,128,0.521,37.4021,19.485194,155.881551,1148.0841,36.2229,7.25051,1.85601
ble_nrf52,full_payload,6,256,0.56,37.4119,20.950959,83.803837,1148.0841,36.2229,7.25051,1.85601
ble_nrf52,full_payload,6,512,0.552,37.3608,20.62318,41.24636,1148.0841,36.2229,7.25051,1.85601
ble_nrf52,full_payload,6,1024,0.64,37.4087,23.945214,23.945214,1148.0841,36.2229,7.25051,1.85601
ble_nrf52,full_payload,6,2048,0.711,37.8209,26.898344,13.449172,1148.0841,36.2229,7.25051,1.85601
ble_nrf52,full_payload,6,4096,1.032,38.1598,39.361386,9.840347,1148.0841,36.2229,7.25051,1.85601
ble_nrf52,full_payload,6,8192,1.393,36.8909,51.476052,6.434506,1148.0841,36.2229,7.25051,1.85601
ble_nrf52,full_payload,6,16384,2.417,35.9077,86.698669,5.418667,1148.0841,36.2229,7.25051,1.85601
ble_nrf52,full_payload,6,32768,4.755,34.5167,163.933529,5.122923,1148.0841,36.2229,7.25051,1.85601
ble_nrf52,full_payload,6,65536,9.043,34.6784,313.565832,4.899466,1148.0841,36.2229,7.25051,1.85601
ble_nrf52,full_payload,6,131072,1.516,38.1333,57.817141,0.451696,1148.0841,36.2229,7.25051,1.85601
ble_nrf52,full_payload,6,262144,1.52,38.238,58.077695,0.226866,1148.0841,36.2229,7.25051,1.85601
ble_nrf52,full_payload,6,524288,1.51,38.0738,57.498412,0.112302,1148.0841,36.2229,7.25051,1.85601
ble_nrf52,full_payload,6,1048576,1.513,38.1148,57.663238,0.056312,1148.0841,36.2229,7.25051,1.85601
ble_nrf52,full_payload,7,1,0.764,37.4395,28.602616,29289.078636,1144.5729,36.3541,7.12596,1.80322
ble_nrf52,full_payload,7,2,0.528,37.3599,19.72553,10099.471135,1144.5729,36.3541,7.12596,1.80322
ble_nrf52,full_payload,7,4,0.525,37.4431,19.657014,5032.195661,1144.5729,36.3541,7.12596,1.80322
ble_nrf52,full_payload,7,8,0.557,37.4872,20.881651,2672.851273,1144.5729,36.3541,7.12596,1.80322
ble_nrf52,full_payload,7,16,0.525,37.4012,19.63236,1256.471051,1144.5729,36.3541,7.12596,1.80322
ble_nrf52,full_payload,7,32,0.555,37.3572,20.733143,663.460581,1144.5729,36.3541,7.12596,1.80322
ble_nrf52,full_payload,7,64,0.527,37.434,19.729175,315.666801,1144.5729,36.3541,7.12596,1.80322
ble_nrf52,full_payload,7,128,0.554,37.3757,20.707913,165.663303,1144.5729,36.3541,7.12596,1.80322
ble_nrf52,full_payload,7,256,0.554,37.4758,20.765031,83.060125,1144.5729,36.3541,7.12596,1.80322
ble_nrf52,full_payload,7,512,0.554,37.5365,20.788939,41.577878,1144.5729,36.3541,7.12596,1.80322
ble_nrf52,full_payload,7,1024,0.643,37.4308,24.067823,24.067823,1144.5729,36.3541,7.12596,1.80322
ble_nrf52,full_payload,7,2048,0.772,37.9084,29.260263,14.630131,1144.5729,36.3541,7.12596,1.80322
ble_nrf52,full_payload,7,4096,0.94,37.5051,35.282055,8.820514,1144.5729,36.3541,7.12596,1.80322
ble_nrf52,full_payload,7,8192,1.422,36.5245,52.091053,6.511382,1144.5729,36.3541,7.12596,1.80322
ble_nrf52,full_payload,7,16384,2.386,35.8364,85.625089,5.351568,1144.5729,36.3541,7.12596,1.80322
ble_nrf52,full_payload,7,32768,4.725,34.7514,164.230481,5.132203,1144.5729,36.3541,7.12596,1.80322
ble_nrf52,full_payload,7,65536,8.896,34.9939,311.564414,4.868194,1144.5729,36.3541,7.12596,1.80322
ble_nrf52,full_payload,7,131072,1.51,38.3602,57.915181,0.452462,1144.5729,36.3541,7.12596,1.80322
ble_nrf52,full_payload,7,262144,1.517,38.175,57.946255,0.226353,1144.5729,36.3541,7.12596,1.80322
ble_nrf52,full_payload,7,524288,1.519,38.0575,57.814415,0.112919,1144.5729,36.3541,7.12596,1.80322
ble_nrf52,full_payload,7,1048576,1.511,38.0892,57.552457,0.056204,1144.5729,36.3541,7.12596,1.80322
ble_nrf52,full_payload,8,1,0.74,37.3783,27.661919,28325.804897,1162.1272,35.8836,7.27166,1.75486
ble_nrf52,full_payload,8,2,0.558,37.4288,20.885725,10693.491241,1162.1272,35.8836,7.27166,1.75486
ble_nrf52,full_payload,8,4,0.523,37.4308,19.569441,5009.776823,1162.1272,35.8836,7.27166,1.75486
ble_nrf52,full_payload,8,8,0.556,37.3596,20.771891,2658.801996,1162.1272,35.8836,7.27166,1.75486
ble_nrf52,full_payload,8,16,0.528,37.4075,19.750981,1264.062761,1162.1272,35.8836,7.27166,1.75486
ble_nrf52,full_payload,8,32,0.555,37.5729,20.850196,667.20626,1162.1272,35.8836,7.27166,1.75486
ble_nrf52,full_payload,8,64,0.522,37.478,19.561867,312.989873,1162.1272,35.8836,7.27166,1.75486
ble_nrf52,full_payload,8,128,0.547,37.3745,20.443186,163.545489,1162.1272,35.8836,7.27166,1.75486
ble_nrf52,full_payload,8,256,0.583,37.6054,21.917228,87.66891,1162.1272,35.8836,7.27166,1.75486
ble_nrf52,full_payload,8,512,0.532,37.4952,19.94877,39.897541,1162.1272,35.8836,7.27166,1.75486
ble_nrf52,full_payload,8,1024,0.612,37.5101,22.952532,22.952532,1162.1272,35.8836,7.27166,1.75486
ble_nrf52,full_payload,8,2048,0.794,37.981,30.141356,15.070678,1162.1272,35.8836,7.27166,1.75486
ble_nrf52,full_payload,8,4096,0.947,37.9317,35.952058,8.988015,1162.1272,35.8836,7.27166,1.75486
ble_nrf52,full_payload,8,8192,1.359,37.078,50.471785,6.308973,1162.1272,35.8836,7.27166,1.75486
ble_nrf52,full_payload,8,16384,2.865,33.1227,95.342838,5.958927,1162.1272,35.8836,7.27166,1.75486
ble_nrf52,full_payload,8,32768,4.851,34.3875,166.609471,5.206546,1162.1272,35.8836,7.27166,1.75486
ble_nrf52,full_payload,8,65536,9.253,34.4211,318.407004,4.975109,1162.1272,35.8836,7.27166,1.75486
ble_nrf52,full_payload,8,131072,1.513,38.1737,57.724905,0.450976,1162.1272,35.8836,7.27166,1.75486
ble_nrf52,full_payload,8,262144,1.517,38.0021,57.653899,0.225211,1162.1272,35.8836,7.27166,1.75486
ble_nrf52,full_payload,8,524288,1.512,38.1407,57.681763,0.11266,1162.1272,35.8836,7.27166,1.75486
ble_nrf52,full_payload,8,1048576,1.519,38.0634,57.82841,0.056473,1162.1272,35.8836,7.27166,1.75486
ble_nrf52,full_payload,9,1,0.756,37.4316,28.301774,28981.016402,1145.1658,36.3176,7.20773,1.77695
ble_nrf52,full_payload,9,2,0.525,37.4071,19.638058,10054.685837,1145.1658,36.3176,7.20773,1.77695
ble_nrf52,full_payload,9,4,0.524,37.4649,19.633475,5026.169618,1145.1658,36.3176,7.20773,1.77695
ble_nrf52,full_payload,9,8,0.54,37.321,20.153426,2579.638533,1145.1658,36.3176,7.20773,1.77695
ble_nrf52,full_payload,9,16,0.525,37.3851,19.627355,1256.150702,1145.1658,36.3176,7.20773,1.77695
ble_nrf52,full_payload,9,32,0.559,37.4431,20.930012,669.760397,1145.1658,36.3176,7.20773,1.77695
ble_nrf52,full_payload,9,64,0.519,37.5028,19.453579,311.257265,1145.1658,36.3176,7.20773,1.77695
ble_nrf52,full_payload,9,128,0.552,37.3341,20.611315,164.890518,1145.1658,36.3176,7.20773,1.77695
ble_nrf52,full_payload,9,256,0.558,37.4066,20.87184,83.48736,1145.1658,36.3176,7.20773,1.77695
ble_nrf52,full_payload,9,512,0.607,37.5271,22.780141,45.560281,1145.1658,36.3176,7.20773,1.77695
ble_nrf52,full_payload,9,1024,0.578,37.5783,21.726344,21.726344,1145.1658,36.3176,7.20773,1.77695
ble_nrf52,full_payload,9,2048,0.732,38.0909,27.756064,13.878032,1145.1658,36.3176,7.20773,1.77695
ble_nrf52,full_payload,9,4096,0.947,38.0997,36.071405,9.017851,1145.1658,36.3176,7.20773,1.77695
ble_nrf52,full_payload,9,8192,1.457,36.8858,53.797929,6.724741,1145.1658,36.3176,7.20773,1.77695
ble_nrf52,full_payload,9,16384,2.445,35.4277,86.689715,5.418107,1145.1658,36.3176,7.20773,1.77695
ble_nrf52,full_payload,9,32768,4.489,35.4875,159.435627,4.982363,1145.1658,36.3176,7.20773,1.77695
ble_nrf52,full_payload,9,65536,9.165,34.617,317.133986,4.955219,1145.1658,36.3176,7.20773,1.77695
ble_nrf52,full_payload,9,131072,1.51,38.1083,57.531064,0.449461,1145.1658,36.3176,7.20773,1.77695
ble_nrf52,full_payload,9,262144,1.516,38.0704,57.73197,0.225516,1145.1658,36.3176,7.20773,1.77695
ble_nrf52,full_payload,9,524288,1.515,38.1949,57.859534,0.113007,1145.1658,36.3176,7.20773,1.77695
ble_nrf52,full_payload,9,1048576,1.513,37.9547,57.43117,0.056085,1145.1658,36.3176,7.20773,1.77695
ble_nrf52,full_payload,10,1,0.763,37.3848,28.524434,29209.020319,1142.9125,36.4438,7.15763,1.73546
ble_nrf52,full_payload,10,2,0.527,37.3506,19.684137,10078.278144,1142.9125,36.4438,7.15763,1.73546
ble_nrf52,full_payload,10,4,0.526,37.5067,19.725905,5049.831663,1142.9125,36.4438,7.15763,1.73546
ble_nrf52,full_payload,10,8,0.546,37.517,20.477349,2621.100662,1142.9125,36.4438,7.15763,1.73546
ble_nrf52,full_payload,10,16,0.527,37.3299,19.671942,1259.0043,1142.9125,36.4438,7.15763,1.73546
ble_nrf52,full_payload,10,32,0.556,37.3796,20.783561,665.073943,1142.9125,36.4438,7.15763,1.73546
ble_nrf52,full_payload,10,64,0.522,37.372,19.507204,312.115267,1142.9125,36.4438,7.15763,1.73546
ble_nrf52,full_payload,10,128,0.557,37.4467,20.856876,166.855012,1142.9125,36.4438,7.15763,1.73546
ble_nrf52,full_payload,10,256,0.546,37.42,20.429973,81.719892,1142.9125,36.4438,7.15763,1.73546
ble_nrf52,full_payload,10,512,0.554,37.5914,20.817195,41.634391,1142.9125,36.4438,7.15763,1.73546
ble_nrf52,full_payload,10,1024,0.646,37.6734,24.331156,24.331156,1142.9125,36.4438,7.15763,1.73546
ble_nrf52,full_payload,10,2048,0.701,37.8406,26.515335,13.257667,1142.9125,36.4438,7.15763,1.73546
ble_nrf52,full_payload,10,4096,1.009,37.3182,37.681672,9.420418,1142.9125,36.4438,7.15763,1.73546
ble_nrf52,full_payload,10,8192,1.396,36.7805,51.364998,6.420625,1142.9125,36.4438,7.15763,1.73546
ble_nrf52,full_payload,10,16384,2.416,35.8163,86.514131,5.407133,1142.9125,36.4438,7.15763,1.73546
ble_nrf52,full_payload,10,32768,4.552,35.3918,161.163176,5.036349,1142.9125,36.4438,7.15763,1.73546
ble_nrf52,full_payload,10,65536,8.952,35.0171,313.543416,4.899116,1142.9125,36.4438,7.15763,1.73546
ble_nrf52,full_payload,10,131072,1.515,38.0969,57.731035,0.451024,1142.9125,36.4438,7.15763,1.73546
ble_nrf52,full_payload,10,262144,1.515,38.0659,57.662943,0.225246,1142.9125,36.4438,7.15763,1.73546
ble_nrf52,full_payload,10,524288,1.523,38.2749,58.297933,0.113863,1142.9125,36.4438,7.15763,1.73546
ble_nrf52,full_payload,10,1048576,1.512,38.1059,57.628141,0.056277,1142.9125,36.4438,7.15763,1.73546
ble_nrf52,full_payload,11,1,0.73,37.4001,27.303906,27959.20022,1150.5354,36.2613,7.13826,1.79988
ble_nrf52,full_payload,11,2,0.558,37.3602,20.846806,10673.564436,1150.5354,36.2613,7.13826,1.79988
ble_nrf52,full_payload,11,4,0.523,37.3835,19.551236,5005.116399,1150.5354,36.2613,7.13826,1.79988
ble_nrf52,full_payload,11,8,0.556,37.4913,20.84571,2668.250915,1150.5354,36.2613,7.13826,1.79988
ble_nrf52,full_payload,11,16,0.525,37.3683,19.619569,1255.652439,1150.5354,36.2613,7.13826,1.79988
ble_nrf52,full_payload,11,32,0.553,37.4371,20.700828,662.426498,1150.5354,36.2613,7.13826,1.79988
ble_nrf52,full_payload,11,64,0.523,37.4347,19.574496,313.191936,1150.5354,36.2613,7.13826,1.79988
ble_nrf52,full_payload,11,128,0.555,37.3784,20.744501,165.956005,1150.5354,36.2613,7.13826,1.79988
ble_nrf52,full_payload,11,256,0.555,37.3892,20.750524,83.002097,1150.5354,36.2613,7.13826,1.79988
ble_nrf52,full_payload,11,512,0.584,37.6156,21.967924,43.935849,1150.5354,36.2613,7.13826,1.79988
ble_nrf52,full_payload,11,1024,0.647,37.5638,24.308577,24.308577,1150.5354,36.2613,7.13826,1.79988
ble_nrf52,full_payload,11,2048,0.706,37.8672,26.736222,13.368111,1150.5354,36.2613,7.13826,1.79988
ble_nrf52,full_payload,11,4096,0.981,37.299,36.595381,9.148845,1150.5354,36.2613,7.13826,1.79988
ble_nrf52,full_payload,11,8192,1.395,37.6135,52.534716,6.566839,1150.5354,36.2613,7.13826,1.79988
ble_nrf52,full_payload,11,16384,2.504,35.2949,88.519352,5.53246,1150.5354,36.2613,7.13826,1.79988
ble_nrf52,full_payload,11,32768,4.732,34.8681,164.981082,5.155659,1150.5354,36.2613,7.13826,1.79988
ble_nrf52,full_payload,11,65536,9.043,34.7033,313.771517,4.90268,1150.5354,36.2613,7.13826,1.79988
ble_nrf52,full_payload,11,131072,1.511,38.141,57.645835,0.450358,1150.5354,36.2613,7.13826,1.79988
ble_nrf52,full_payload,11,262144,1.515,38.2782,57.979078,0.226481,1150.5354,36.2613,7.13826,1.79988
ble_nrf52,full_payload,11,524288,1.524,38.2085,58.220668,0.113712,1150.5354,36.2613,7.13826,1.79988
ble_nrf52,full_payload,11,1048576,1.509,37.991,57.337507,0.055994,1150.5354,36.2613,7.13826,1.79988
ble_nrf52,full_payload,12,1,0.762,37.3496,28.460781,29143.839437,1149.284,36.2036,7.09802,1.75603
ble_nrf52,full_payload,12,2,0.527,37.3889,19.703936,10088.415237,1149.284,36.2036,7.09802,1.75603
ble_nrf52,full_payload,12,4,0.526,37.5021,19.72803,5050.375715,1149.284,36.2036,7.09802,1.75603
ble_nrf52,full_payload,12,8,0.556,37.4666,20.827642,2665.938169,1149.284,36.2036,7.09802,1.75603
ble_nrf52,full_payload,12,16,0.529,37.3426,19.75426,1264.272662,1149.284,36.2036,7.09802,1.75603
ble_nrf52,full_payload,12,32,0.615,37.4647,23.038583,737.234652,1149.284,36.2036,7.09802,1.75603
ble_nrf52,full_payload,12,64,0.465,37.3543,17.371678,277.946845,1149.284,36.2036,7.09802,1.75603
ble_nrf52,full_payload,12,128,0.589,37.3499,21.998119,175.984956,1149.284,36.2036,7.09802,1.75603
ble_nrf52,full_payload,12,256,0.553,37.4578,20.717984,82.871934,1149.284,36.2036,7.09802,1.75603
ble_nrf52,full_payload,12,512,0.583,37.7666,22.007661,44.015321,1149.284,36.2036,7.09802,1.75603
ble_nrf52,full_payload,12,1024,0.609,37.5896,22.888902,22.888902,1149.284,36.2036,7.09802,1.75603
ble_nrf52,full_payload,12,2048,0.735,37.7579,27.748092,13.874046,1149.284,36.2036,7.09802,1.75603
ble_nrf52,full_payload,12,4096,0.971,36.8719,35.834378,8.958595,1149.284,36.2036,7.09802,1.75603
ble_nrf52,full_payload,12,8192,1.365,36.6292,50.1131,6.264138,1149.284,36.2036,7.09802,1.75603
ble_nrf52,full_payload,12,16384,2.51,35.3905,88.625398,5.539087,1149.284,36.2036,7.09802,1.75603
ble_nrf52,full_payload,12,32768,4.574,35.1753,161.044361,5.032636,1149.284,36.2036,7.09802,1.75603
ble_nrf52,full_payload,12,65536,9.193,34.6229,317.633059,4.963017,1149.284,36.2036,7.09802,1.75603
ble_nrf52,full_payload,12,131072,1.511,38.2201,57.72651,0.450988,1149.284,36.2036,7.09802,1.75603
ble_nrf52,full_payload,12,262144,1.516,38.0719,57.724757,0.225487,1149.284,36.2036,7.09802,1.75603
ble_nrf52,full_payload,12,524288,1.513,37.9604,57.442879,0.112193,1149.284,36.2036,7.09802,1.75603
ble_nrf52,full_payload,12,1048576,1.543,38.195,58.893923,0.057514,1149.284,36.2036,7.09802,1.75603
ble_nrf52,full_payload,13,1,0.76,37.4333,28.444284,29126.946647,1145.7356,36.2678,7.14555,1.79179
ble_nrf52,full_payload,13,2,0.52,37.3777,19.435113,9950.777633,1145.7356,36.2678,7.14555,1.79179
ble_nrf52,full_payload,13,4,0.519,37.4506,19.436158,4975.656492,1145.7356,36.2678,7.14555,1.79179
ble_nrf52,full_payload,13,8,0.558,37.3282,20.831121,2666.383548,1145.7356,36.2678,7.14555,1.79179
ble_nrf52,full_payload,13,16,0.525,37.3781,19.62273,1255.854737,1145.7356,36.2678,7.14555,1.79179
ble_nrf52,full_payload,13,32,0.554,37.4623,20.748183,663.941868,1145.7356,36.2678,7.14555,1.79179
ble_nrf52,full_payload,13,64,0.523,37.4091,19.559584,312.95334,1145.7356,36.2678,7.14555,1.79179
ble_nrf52,full_payload,13,128,0.556,37.3565,20.772299,166.17839,1145.7356,36.2678,7.14555,1.79179
ble_nrf52,full_payload,13,256,0.588,37.4114,21.996369,87.985477,1145.7356,36.2678,7.14555,1.79179
ble_nrf52,full_payload,13,512,0.553,37.4899,20.734203,41.468406,1145.7356,36.2678,7.14555,1.79179
ble_nrf52,full_payload,13,1024,0.615,37.5114,23.065146,23.065146,1145.7356,36.2678,7.14555,1.79179
ble_nrf52,full_payload,13,2048,0.735,37.844,27.80931,13.904655,1145.7356,36.2678,7.14555,1.79179
ble_nrf52,full_payload,13,4096,1.007,37.3398,37.639966,9.409991,1145.7356,36.2678,7.14555,1.79179
ble_nrf52,full_payload,13,8192,1.362,37.2726,50.840323,6.35504,1145.7356,36.2678,7.14555,1.79179
ble_nrf52,full_payload,13,16384,2.481,35.1502,87.448178,5.465511,1145.7356,36.2678,7.14555,1.79179
ble_nrf52,full_payload,13,32768,4.544,35.2524,160.220548,5.006892,1145.7356,36.2678,7.14555,1.79179
ble_nrf52,full_payload,13,65536,9.137,34.6229,316.120986,4.93939,1145.7356,36.2678,7.14555,1.79179
ble_nrf52,full_payload,13,131072,1.514,38.1435,57.746201,0.451142,1145.7356,36.2678,7.14555,1.79179
ble_nrf52,full_payload,13,262144,1.512,38.0649,57.557175,0.224833,1145.7356,36.2678,7.14555,1.79179
ble_nrf52,full_payload,13,524288,1.523,38.2641,58.260582,0.11379,1145.7356,36.2678,7.14555,1.79179
ble_nrf52,full_payload,13,1048576,1.505,38.1589,57.447103,0.056101,1145.7356,36.2678,7.14555,1.79179
ble_nrf52,full_payload,14,1,0.769,37.4252,28.779966,29470.68546,1143.6355,36.5542,7.10186,1.79273
ble_nrf52,full_payload,14,2,0.52,37.4695,19.48064,9974.087777,1143.6355,36.5542,7.10186,1.79273
ble_nrf52,full_payload,14,4,0.518,37.429,19.389388,4963.683395,1143.6355,36.5542,7.10186,1.79273
ble_nrf52,full_payload,14,8,0.557,37.4295,20.844863,2668.142442,1143.6355,36.5542,7.10186,1.79273
ble_nrf52,full_payload,14,16,0.527,37.3458,19.683119,1259.719602,1143.6355,36.5542,7.10186,1.79273
ble_nrf52,full_payload,14,32,0.554,37.3649,20.699958,662.398656,1143.6355,36.5542,7.10186,1.79273
ble_nrf52,full_payload,14,64,0.521,37.4138,19.489553,311.832856,1143.6355,36.5542,7.10186,1.79273
ble_nrf52,full_payload,14,128,0.553,37.5879,20.785848,166.286787,1143.6355,36.5542,7.10186,1.79273
ble_nrf52,full_payload,14,256,0.581,37.4625,21.764022,87.056088,1143.6355,36.5542,7.10186,1.79273
ble_nrf52,full_payload,14,512,0.58,37.5341,21.773652,43.547305,1143.6355,36.5542,7.10186,1.79273
ble_nrf52,full_payload,14,1024,0.617,37.5566,23.174793,23.174793,1143.6355,36.5542,7.10186,1.79273
ble_nrf52,full_payload,14,2048,0.673,37.8342,25.470846,12.735423,1143.6355,36.5542,7.10186,1.79273
ble_nrf52,full_payload,14,4096,1.01,37.5952,37.986437,9.496609,1143.6355,36.5542,7.10186,1.79273
ble_nrf52,full_payload,14,8192,1.334,37.7102,50.329005,6.291126,1143.6355,36.5542,7.10186,1.79273
ble_nrf52,full_payload,14,16384,2.387,36.2402,86.546817,5.409176,1143.6355,36.5542,7.10186,1.79273
ble_nrf52,full_payload,14,32768,4.574,35.3463,161.692213,5.052882,1143.6355,36.5542,7.10186,1.79273
ble_nrf52,full_payload,14,65536,8.958,35.1464,314.814386,4.918975,1143.6355,36.5542,7.10186,1.79273
ble_nrf52,full_payload,14,131072,1.512,38.1332,57.685106,0.450665,1143.6355,36.5542,7.10186,1.79273
ble_nrf52,full_payload,14,262144,1.518,38.2721,58.085569,0.226897,1143.6355,36.5542,7.10186,1.79273
ble_nrf52,full_payload,14,524288,1.514,38.1225,57.732565,0.112759,1143.6355,36.5542,7.10186,1.79273
ble_nrf52,full_payload,14,1048576,1.509,38.0469,57.426721,0.056081,1143.6355,36.5542,7.10186,1.79273
ble_nrf52,full_payload,15,1,0.737,37.3609,27.535141,28195.984312,1150.2834,36.1327,7.1204,1.72331
ble_nrf52,full_payload,15,2,0.555,37.4491,20.783422,10641.112289,1150.2834,36.1327,7.1204,1.72331
ble_nrf52,full_payload,15,4,0.506,37.4898,18.972151,4856.870726,1150.2834,36.1327,7.1204,1.72331
ble_nrf52,full_payload,15,8,0.557,37.4559,20.859363,2669.998404,1150.2834,36.1327,7.1204,1.72331
ble_nrf52,full_payload,15,16,0.519,37.3644,19.391957,1241.085257,1150.2834,36.1327,7.1204,1.72331
ble_nrf52,full_payload,15,32,0.56,37.4692,20.977718,671.286987,1150.2834,36.1327,7.1204,1.72331
ble_nrf52,full_payload,15,64,0.523,37.3773,19.546787,312.748595,1150.2834,36.1327,7.1204,1.72331
ble_nrf52,full_payload,15,128,0.556,37.3292,20.756205,166.049643,1150.2834,36.1327,7.1204,1.72331
ble_nrf52,full_payload,15,256,0.588,37.4581,22.029333,88.117333,1150.2834,36.1327,7.1204,1.72331
ble_nrf52,full_payload,15,512,0.556,37.5717,20.888189,41.776378,1150.2834,36.1327,7.1204,1.72331
ble_nrf52,full_payload,15,1024,0.587,37.6618,22.097305,22.097305,1150.2834,36.1327,7.1204,1.72331
ble_nrf52,full_payload,15,2048,0.852,37.9017,32.285027,16.142514,1150.2834,36.1327,7.1204,1.72331
ble_nrf52,full_payload,15,4096,0.999,35.7752,35.818216,8.954554,1150.2834,36.1327,7.1204,1.72331
ble_nrf52,full_payload,15,8192,1.397,36.5673,51.07346,6.384182,1150.2834,36.1327,7.1204,1.72331
ble_nrf52,full_payload,15,16384,2.534,35.1208,89.035596,5.564725,1150.2834,36.1327,7.1204,1.72331
ble_nrf52,full_payload,15,32768,4.745,34.8316,165.075162,5.158599,1150.2834,36.1327,7.1204,1.72331
ble_nrf52,full_payload,15,65536,9.012,34.89,312.336596,4.880259,1150.2834,36.1327,7.1204,1.72331
ble_nrf52,full_payload,15,131072,1.516,38.1131,57.780533,0.45141,1150.2834,36.1327,7.1204,1.72331
ble_nrf52,full_payload,15,262144,1.513,38.1122,57.676225,0.225298,1150.2834,36.1327,7.1204,1.72331
ble_nrf52,full_payload,15,524288,1.507,38.1511,57.480023,0.112266,1150.2834,36.1327,7.1204,1.72331
ble_nrf52,full_payload,15,1048576,1.516,38.1688,57.884951,0.056528,1150.2834,36.1327,7.1204,1.72331
ble_nrf52,full_payload,16,1,0.736,37.4528,27.561159,28222.626432,1125.1032,36.7357,7.27827,1.84992
ble_nrf52,full_payload,16,2,0.554,37.501,20.774273,10636.427873,1125.1032,36.7357,7.27827,1.84992
ble_nrf52,full_payload,16,4,0.522,37.3358,19.490035,4989.449076,1125.1032,36.7357,7.27827,1.84992
ble_nrf52,full_payload,16,8,0.555,37.4187,20.768075,2658.313659,1125.1032,36.7357,7.27827,1.84992
ble_nrf52,full_payload,16,16,0.515,37.3689,19.244375,1231.639992,1125.1032,36.7357,7.27827,1.84992
ble_nrf52,full_payload,16,32,0.556,37.3527,20.76811,664.579508,1125.1032,36.7357,7.27827,1.84992
ble_nrf52,full_payload,16,64,0.523,37.3784,19.548561,312.776978,1125.1032,36.7357,7.27827,1.84992
ble_nrf52,full_payload,16,128,0.555,37.5029,20.811915,166.495321,1125.1032,36.7357,7.27827,1.84992
ble_nrf52,full_payload,16,256,0.554,37.5573,20.812063,83.248253,1125.1032,36.7357,7.27827,1.84992
ble_nrf52,full_payload,16,512,0.554,37.4004,20.718356,41.436711,1125.1032,36.7357,7.27827,1.84992
ble_nrf52,full_payload,16,1024,0.618,37.4699,23.155522,23.155522,1125.1032,36.7357,7.27827,1.84992
ble_nrf52,full_payload,16,2048,0.738,37.7095,27.829332,13.914666,1125.1032,36.7357,7.27827,1.84992
ble_nrf52,full_payload,16,4096,1.063,37.8993,40.349797,10.087449,1125.1032,36.7357,7.27827,1.84992
ble_nrf52,full_payload,16,8192,1.278,37.3027,47.656081,5.95701,1125.1032,36.7357,7.27827,1.84992
ble_nrf52,full_payload,16,16384,2.45,35.7958,87.61384,5.475865,1125.1032,36.7357,7.27827,1.84992
ble_nrf52,full_payload,16,32768,4.354,35.8068,156.131905,4.879122,1125.1032,36.7357,7.27827,1.84992
ble_nrf52,full_payload,16,65536,8.441,35.6244,300.709753,4.69859,1125.1032,36.7357,7.27827,1.84992
ble_nrf52,full_payload,16,131072,1.509,38.2711,57.750414,0.451175,1125.1032,36.7357,7.27827,1.84992
ble_nrf52,full_payload,16,262144,1.519,38.0513,57.807403,0.22581,1125.1032,36.7357,7.27827,1.84992
ble_nrf52,full_payload,16,524288,1.514,38.2625,57.925428,0.113136,1125.1032,36.7357,7.27827,1.84992
ble_nrf52,full_payload,16,1048576,1.519,37.9652,57.676759,0.056325,1125.1032,36.7357,7.27827,1.84992
ble_nrf52,full_payload,17,1,0.736,37.4822,27.587289,28249.383444,1109.5242,37.3025,6.51131,0.75898
ble_nrf52,full_payload,17,2,0.539,37.4443,20.18263,10333.50667,1109.5242,37.3025,6.51131,0.75898
ble_nrf52,full_payload,17,4,0.544,37.5771,20.43857,5232.273827,1109.5242,37.3025,6.51131,0.75898
ble_nrf52,full_payload,17,8,0.538,37.5775,20.215075,2587.529641,1109.5242,37.3025,6.51131,0.75898
ble_nrf52,full_payload,17,16,0.523,37.4237,19.571363,1252.56724,1109.5242,37.3025,6.51131,0.75898
ble_nrf52,full_payload,17,32,0.547,37.4746,20.499102,655.97126,1109.5242,37.3025,6.51131,0.75898
ble_nrf52,full_payload,17,64,0.544,37.4387,20.36484,325.837438,1109.5242,37.3025,6.51131,0.75898
ble_nrf52,full_payload,17,128,0.539,37.3987,20.158061,161.264488,1109.5242,37.3025,6.51131,0.75898
ble_nrf52,full_payload,17,256,0.54,37.4809,20.238287,80.953147,1109.5242,37.3025,6.51131,0.75898
ble_nrf52,full_payload,17,512,0.595,37.6601,22.407974,44.815947,1109.5242,37.3025,6.51131,0.75898
ble_nrf52,full_payload,17,1024,0.593,37.6463,22.320041,22.320041,1109.5242,37.3025,6.51131,0.75898
ble_nrf52,full_payload,17,2048,0.741,37.8745,28.06261,14.031305,1109.5242,37.3025,6.51131,0.75898
ble_nrf52,full_payload,17,4096,0.891,38.159,33.998152,8.499538,1109.5242,37.3025,6.51131,0.75898
ble_nrf52,full_payload,17,8192,1.348,37.8337,51.000165,6.375021,1109.5242,37.3025,6.51131,0.75898
ble_nrf52,full_payload,17,16384,2.244,36.8789,82.848713,5.178045,1109.5242,37.3025,6.51131,0.75898
ble_nrf52,full_payload,17,32768,4.166,36.7156,153.105533,4.784548,1109.5242,37.3025,6.51131,0.75898
ble_nrf52,full_payload,17,65536,8.021,36.5896,293.558134,4.586846,1109.5242,37.3025,6.51131,0.75898
ble_nrf52,full_payload,17,131072,1.512,38.3981,58.037262,0.453416,1109.5242,37.3025,6.51131,0.75898
ble_nrf52,full_payload,17,262144,1.523,38.1221,58.061363,0.226802,1109.5242,37.3025,6.51131,0.75898
ble_nrf52,full_payload,17,524288,1.514,38.2068,57.871185,0.11303,1109.5242,37.3025,6.51131,0.75898
ble_nrf52,full_payload,17,1048576,1.546,38.1705,58.997816,0.057615,1109.5242,37.3025,6.51131,0.75898
ble_nrf52,full_payload,18,1,0.752,37.5057,28.200732,28877.549353,1115.2179,37.4247,6.49771,0.80264
ble_nrf52,full_payload,18,2,0.545,37.427,20.397918,10443.734062,1115.2179,37.4247,6.49771,0.80264
ble_nrf52,full_payload,18,4,0.521,37.4592,19.516068,4996.113324,1115.2179,37.4247,6.49771,0.80264
ble_nrf52,full_payload,18,8,0.545,37.5797,20.478195,2621.208966,1115.2179,37.4247,6.49771,0.80264
ble_nrf52,full_payload,18,16,0.545,37.4518,20.404633,1305.896508,1115.2179,37.4247,6.49771,0.80264
ble_nrf52,full_payload,18,32,0.52,37.4449,19.472009,623.1043,1115.2179,37.4247,6.49771,0.80264
ble_nrf52,full_payload,18,64,0.546,37.4908,20.467383,327.478124,1115.2179,37.4247,6.49771,0.80264
ble_nrf52,full_payload,18,128,0.544,37.6,20.446173,163.56938,1115.2179,37.4247,6.49771,0.80264
ble_nrf52,full_payload,18,256,0.546,37.4615,20.451373,81.805493,1115.2179,37.4247,6.49771,0.80264
ble_nrf52,full_payload,18,512,0.572,37.5474,21.475518,42.951036,1115.2179,37.4247,6.49771,0.80264
ble_nrf52,full_payload,18,1024,0.617,37.5363,23.159915,23.159915,1115.2179,37.4247,6.49771,0.80264
ble_nrf52,full_payload,18,2048,0.747,37.8071,28.239392,14.119696,1115.2179,37.4247,6.49771,0.80264
ble_nrf52,full_payload,18,4096,0.942,37.8918,35.682922,8.92073,1115.2179,37.4247,6.49771,0.80264
ble_nrf52,full_payload,18,8192,1.319,38.1498,50.312142,6.289018,1115.2179,37.4247,6.49771,0.80264
ble_nrf52,full_payload,18,16384,2.3,36.6103,84.23555,5.264722,1115.2179,37.4247,6.49771,0.80264
ble_nrf52,full_payload,18,32768,4.197,37.0662,155.603364,4.862605,1115.2179,37.4247,6.49771,0.80264
ble_nrf52,full_payload,18,65536,7.969,36.9152,294.239695,4.597495,1115.2179,37.4247,6.49771,0.80264
ble_nrf52,full_payload,18,131072,1.521,38.442,58.471077,0.456805,1115.2179,37.4247,6.49771,0.80264
ble_nrf52,full_payload,18,262144,1.518,38.227,58.038439,0.226713,1115.2179,37.4247,6.49771,0.80264
ble_nrf52,full_payload,18,524288,1.522,38.0743,57.969139,0.113221,1115.2179,37.4247,6.49771,0.80264
ble_nrf52,full_payload,18,1048576,1.511,38.3632,57.956297,0.056598,1115.2179,37.4247,6.49771,0.80264
ble_nrf52,full_payload,19,1,0.745,37.478,27.918964,28589.019233,1110.379,37.4041,6.52475,0.925
ble_nrf52,full_payload,19,2,0.546,37.5396,20.496659,10494.289597,1110.379,37.4041,6.52475,0.925
ble_nrf52,full_payload,19,4,0.517,37.4174,19.344586,4952.214136,1110.379,37.4041,6.52475,0.925
ble_nrf52,full_payload,19,8,0.545,37.5023,20.438522,2616.130852,1110.379,37.4041,6.52475,0.925
ble_nrf52,full_payload,19,16,0.542,37.4778,20.309677,1299.819301,1110.379,37.4041,6.52475,0.925
ble_nrf52,full_payload,19,32,0.545,37.4109,20.38778,652.408976,1110.379,37.4041,6.52475,0.925
ble_nrf52,full_payload,19,64,0.525,37.4571,19.664712,314.635387,1110.379,37.4041,6.52475,0.925
ble_nrf52,full_payload,19,128,0.545,37.5593,20.470039,163.760311,1110.379,37.4041,6.52475,0.925
ble_nrf52,full_payload,19,256,0.549,37.5339,20.607182,82.428728,1110.379,37.4041,6.52475,0.925
ble_nrf52,full_payload,19,512,0.56,37.4432,20.968123,41.936246,1110.379,37.4041,6.52475,0.925
ble_nrf52,full_payload,19,1024,0.616,37.545,23.128334,23.128334,1110.379,37.4041,6.52475,0.925
ble_nrf52,full_payload,19,2048,0.714,37.6822,26.911956,13.455978,1110.379,37.4041,6.52475,0.925
ble_nrf52,full_payload,19,4096,0.938,37.9703,35.619293,8.904823,1110.379,37.4041,6.52475,0.925
ble_nrf52,full_payload,19,8192,1.321,38.2165,50.494597,6.311825,1110.379,37.4041,6.52475,0.925
ble_nrf52,full_payload,19,16384,2.198,37.6376,82.75947,5.172467,1110.379,37.4041,6.52475,0.925
ble_nrf52,full_payload,19,32768,4.117,37.1051,152.811504,4.77536,1110.379,37.4041,6.52475,0.925
ble_nrf52,full_payload,19,65536,8.099,36.6629,296.579812,4.63406,1110.379,37.4041,6.52475,0.925
ble_nrf52,full_payload,19,131072,1.508,38.2196,57.649322,0.450385,1110.379,37.4041,6.52475,0.925
ble_nrf52,full_payload,19,262144,1.515,38.124,57.753014,0.225598,1110.379,37.4041,6.52475,0.925
ble_nrf52,full_payload,19,524288,1.522,38.1885,58.120976,0.113518,1110.379,37.4041,6.52475,0.925
ble_nrf52,full_payload,19,1048576,1.519,38.1326,57.944523,0.056586,1110.379,37.4041,6.52475,0.925
ble_nrf52,full_payload,20,1,0.756,37.5299,28.382564,29063.745132,1118.3193,37.2326,6.50672,0.82572
ble_nrf52,full_payload,20,2,0.546,37.5187,20.483032,10487.312225,1118.3193,37.2326,6.50672,0.82572
ble_nrf52,full_payload,20,4,0.514,37.4281,19.23777,4924.869016,1118.3193,37.2326,6.50672,0.82572
ble_nrf52,full_payload,20,8,0.545,37.5069,20.435139,2615.697765,1118.3193,37.2326,6.50672,0.82572
ble_nrf52,full_payload,20,16,0.545,37.4557,20.406609,1306.022953,1118.3193,37.2326,6.50672,0.82572
ble_nrf52,full_payload,20,32,0.521,37.4354,19.503929,624.125732,1118.3193,37.2326,6.50672,0.82572
ble_nrf52,full_payload,20,64,0.563,37.5089,21.115404,337.846471,1118.3193,37.2326,6.50672,0.82572
ble_nrf52,full_payload,20,128,0.547,37.5443,20.52647,164.211761,1118.3193,37.2326,6.50672,0.82572
ble_nrf52,full_payload,20,256,0.544,37.4446,20.36936,81.477439,1118.3193,37.2326,6.50672,0.82572
ble_nrf52,full_payload,20,512,0.547,37.4934,20.507271,41.014542,1118.3193,37.2326,6.50672,0.82572
ble_nrf52,full_payload,20,1024,0.64,37.4664,23.979812,23.979812,1118.3193,37.2326,6.50672,0.82572
ble_nrf52,full_payload,20,2048,0.719,37.7365,27.134874,13.567437,1118.3193,37.2326,6.50672,0.82572
ble_nrf52,full_payload,20,4096,0.923,38.0001,35.07148,8.76787,1118.3193,37.2326,6.50672,0.82572
ble_nrf52,full_payload,20,8192,1.342,38.412,51.525088,6.440636,1118.3193,37.2326,6.50672,0.82572
ble_nrf52,full_payload,20,16384,2.168,37.7069,81.761912,5.11012,1118.3193,37.2326,6.50672,0.82572
ble_nrf52,full_payload,20,32768,4.023,37.367,150.292849,4.696652,1118.3193,37.2326,6.50672,0.82572
ble_nrf52,full_payload,20,65536,8.52,35.8565,305.592954,4.77489,1118.3193,37.2326,6.50672,0.82572
ble_nrf52,full_payload,20,131072,1.515,38.1603,57.823109,0.451743,1118.3193,37.2326,6.50672,0.82572
ble_nrf52,full_payload,20,262144,1.518,38.2603,58.176838,0.227253,1118.3193,37.2326,6.50672,0.82572
ble_nrf52,full_payload,20,524288,1.517,38.1188,57.839562,0.112968,1118.3193,37.2326,6.50672,0.82572
ble_nrf52,full_payload,20,1048576,1.523,38.1691,58.15332,0.05679,1118.3193,37.2326,6.50672,0.82572
ble_nrf52,full_payload,21,1,0.749,37.5161,28.100277,28774.683633,1116.4584,37.396,6.58038,0.80776
ble_nrf52,full_payload,21,2,0.546,37.5455,20.49552,10493.70601,1116.4584,37.396,6.58038,0.80776
ble_nrf52,full_payload,21,4,0.514,37.5157,19.279378,4935.520846,1116.4584,37.396,6.58038,0.80776
ble_nrf52,full_payload,21,8,0.542,37.4425,20.293789,2597.604958,1116.4584,37.396,6.58038,0.80776
ble_nrf52,full_payload,21,16,0.571,37.4953,21.411507,1370.336468,1116.4584,37.396,6.58038,0.80776
ble_nrf52,full_payload,21,32,0.52,37.6576,19.577709,626.486684,1116.4584,37.396,6.58038,0.80776
ble_nrf52,full_payload,21,64,0.547,37.5732,20.545906,328.73449,1116.4584,37.396,6.58038,0.80776
ble_nrf52,full_payload,21,128,0.548,37.4842,20.540147,164.321179,1116.4584,37.396,6.58038,0.80776
ble_nrf52,full_payload,21,256,0.545,37.5561,20.464923,81.859691,1116.4584,37.396,6.58038,0.80776
ble_nrf52,full_payload,21,512,0.547,37.5419,20.540193,41.080386,1116.4584,37.396,6.58038,0.80776
ble_nrf52,full_payload,21,1024,0.669,37.6092,25.161486,25.161486,1116.4584,37.396,6.58038,0.80776
ble_nrf52,full_payload,21,2048,0.742,38.0468,28.214869,14.107434,1116.4584,37.396,6.58038,0.80776
ble_nrf52,full_payload,21,4096,0.894,38.2101,34.15416,8.53854,1116.4584,37.396,6.58038,0.80776
ble_nrf52,full_payload,21,8192,1.32,37.8131,49.913779,6.239222,1116.4584,37.396,6.58038,0.80776
ble_nrf52,full_payload,21,16384,2.193,37.1527,81.501713,5.093857,1116.4584,37.396,6.58038,0.80776
ble_nrf52,full_payload,21,32768,4.223,37.0399,156.365354,4.886417,1116.4584,37.396,6.58038,0.80776
ble_nrf52,full_payload,21,65536,8.099,36.7299,297.44209,4.647533,1116.4584,37.396,6.58038,0.80776
ble_nrf52,full_payload,21,131072,1.521,38.2176,58.12873,0.454131,1116.4584,37.396,6.58038,0.80776
ble_nrf52,full_payload,21,262144,1.52,38.2923,58.198903,0.227339,1116.4584,37.396,6.58038,0.80776
ble_nrf52,full_payload,21,524288,1.521,38.1598,58.06022,0.113399,1116.4584,37.396,6.58038,0.80776
ble_nrf52,full_payload,21,1048576,1.524,38.0909,58.067744,0.056707,1116.4584,37.396,6.58038,0.80776
ble_nrf52,full_payload,22,1,0.742,37.5633,27.872273,28541.207101,1108.7348,37.4674,6.48409,0.82225
ble_nrf52,full_payload,22,2,0.546,37.5597,20.503135,10497.605015,1108.7348,37.4674,6.48409,0.82225
ble_nrf52,full_payload,22,4,0.519,37.4339,19.428506,4973.697612,1108.7348,37.4674,6.48409,0.82225
ble_nrf52,full_payload,22,8,0.547,37.4788,20.498684,2623.831521,1108.7348,37.4674,6.48409,0.82225
ble_nrf52,full_payload,22,16,0.542,37.4274,20.28561,1298.279041,1108.7348,37.4674,6.48409,0.82225
ble_nrf52,full_payload,22,32,0.54,37.4148,20.204121,646.53186,1108.7348,37.4674,6.48409,0.82225
ble_nrf52,full_payload,22,64,0.516,37.5684,19.385288,310.164613,1108.7348,37.4674,6.48409,0.82225
ble_nrf52,full_payload,22,128,0.548,37.6239,20.614227,164.913816,1108.7348,37.4674,6.48409,0.82225
ble_nrf52,full_payload,22,256,0.573,37.5051,21.483605,85.93442,1108.7348,37.4674,6.48409,0.82225
ble_nrf52,full_payload,22,512,0.541,37.4678,20.270145,40.540289,1108.7348,37.4674,6.48409,0.82225
ble_nrf52,full_payload,22,1024,0.664,37.6783,25.019699,25.019699,1108.7348,37.4674,6.48409,0.82225
ble_nrf52,full_payload,22,2048,0.669,37.7613,25.257138,12.628569,1108.7348,37.4674,6.48409,0.82225
ble_nrf52,full_payload,22,4096,0.934,37.9972,35.497393,8.874348,1108.7348,37.4674,6.48409,0.82225
ble_nrf52,full_payload,22,8192,1.346,38.2723,51.509837,6.43873,1108.7348,37.4674,6.48409,0.82225
ble_nrf52,full_payload,22,16384,2.202,37.6759,83.001438,5.18759,1108.7348,37.4674,6.48409,0.82225
ble_nrf52,full_payload,22,32768,4.095,36.9495,151.282233,4.72757,1108.7348,37.4674,6.48409,0.82225
ble_nrf52,full_payload,22,65536,8.0,36.8502,294.773124,4.60583,1108.7348,37.4674,6.48409,0.82225
ble_nrf52,full_payload,22,131072,1.512,38.1061,57.64023,0.450314,1108.7348,37.4674,6.48409,0.82225
ble_nrf52,full_payload,22,262144,1.517,38.3245,58.12825,0.227063,1108.7348,37.4674,6.48409,0.82225
ble_nrf52,full_payload,22,524288,1.52,38.1022,57.933136,0.113151,1108.7348,37.4674,6.48409,0.82225
ble_nrf52,full_payload,22,1048576,1.519,38.2662,58.146681,0.056784,1108.7348,37.4674,6.48409,0.82225
ble_nrf52,full_payload,23,1,0.747,37.5037,28.016023,28688.40725,1113.2107,37.3385,6.5676,0.90321
ble_nrf52,full_payload,23,2,0.545,37.6248,20.499388,10495.686897,1113.2107,37.3385,6.5676,0.90321
ble_nrf52,full_payload,23,4,0.521,37.4334,19.505255,4993.345252,1113.2107,37.3385,6.5676,0.90321
ble_nrf52,full_payload,23,8,0.543,37.446,20.333268,2602.658298,1113.2107,37.3385,6.5676,0.90321
ble_nrf52,full_payload,23,16,0.546,37.4801,20.459512,1309.408785,1113.2107,37.3385,6.5676,0.90321
ble_nrf52,full_payload,23,32,0.548,37.5751,20.589191,658.854108,1113.2107,37.3385,6.5676,0.90321
ble_nrf52,full_payload,23,64,0.543,37.5062,20.365836,325.853384,1113.2107,37.3385,6.5676,0.90321
ble_nrf52,full_payload,23,128,0.523,37.4972,19.610502,156.884017,1113.2107,37.3385,6.5676,0.90321
ble_nrf52,full_payload,23,256,0.571,37.6015,21.470827,85.883308,1113.2107,37.3385,6.5676,0.90321
ble_nrf52,full_payload,23,512,0.55,37.4791,20.614516,41.229033,1113.2107,37.3385,6.5676,0.90321
ble_nrf52,full_payload,23,1024,0.647,37.5711,24.311005,24.311005,1113.2107,37.3385,6.5676,0.90321
ble_nrf52,full_payload,23,2048,0.717,37.7064,27.030997,13.515498,1113.2107,37.3385,6.5676,0.90321
ble_nrf52,full_payload,23,4096,0.925,38.0686,35.210173,8.802543,1113.2107,37.3385,6.5676,0.90321
ble_nrf52,full_payload,23,8192,1.371,37.3961,51.281981,6.410248,1113.2107,37.3385,6.5676,0.90321
ble_nrf52,full_payload,23,16384,2.221,37.5258,83.35486,5.209679,1113.2107,37.3385,6.5676,0.90321
ble_nrf52,full_payload,23,32768,4.196,36.9543,155.020688,4.844396,1113.2107,37.3385,6.5676,0.90321
ble_nrf52,full_payload,23,65536,8.024,36.5718,293.526435,4.586351,1113.2107,37.3385,6.5676,0.90321
ble_nrf52,full_payload,23,131072,1.509,38.0895,57.465156,0.448947,1113.2107,37.3385,6.5676,0.90321
ble_nrf52,full_payload,23,262144,1.521,38.3792,58.360824,0.227972,1113.2107,37.3385,6.5676,0.90321
ble_nrf52,full_payload,23,524288,1.524,38.1623,58.182912,0.113638,1113.2107,37.3385,6.5676,0.90321
ble_nrf52,full_payload,23,1048576,1.522,38.0923,58.001365,0.056642,1113.2107,37.3385,6.5676,0.90321
ble_nrf52,full_payload,24,1,0.777,37.4767,29.120395,29819.284915,1106.1274,37.6119,7.21588,1.75275
ble_nrf52,full_payload,24,2,0.497,37.4102,18.592444,9519.331092,1106.1274,37.6119,7.21588,1.75275
ble_nrf52,full_payload,24,4,0.545,37.5904,20.48354,5243.786339,1106.1274,37.6119,7.21588,1.75275
ble_nrf52,full_payload,24,8,0.547,37.5335,20.529974,2627.836654,1106.1274,37.6119,7.21588,1.75275
ble_nrf52,full_payload,24,16,0.543,37.4319,20.325143,1300.809164,1106.1274,37.6119,7.21588,1.75275
ble_nrf52,full_payload,24,32,0.519,37.5264,19.473622,623.155901,1106.1274,37.6119,7.21588,1.75275
ble_nrf52,full_payload,24,64,0.544,37.5005,20.397982,326.367708,1106.1274,37.6119,7.21588,1.75275
ble_nrf52,full_payload,24,128,0.542,37.4247,20.283935,162.271478,1106.1274,37.6119,7.21588,1.75275
ble_nrf52,full_payload,24,256,0.548,37.5508,20.574027,82.296108,1106.1274,37.6119,7.21588,1.75275
ble_nrf52,full_payload,24,512,0.619,37.7174,23.341021,46.682043,1106.1274,37.6119,7.21588,1.75275
ble_nrf52,full_payload,24,1024,0.567,37.8393,21.456249,21.456249,1106.1274,37.6119,7.21588,1.75275
ble_nrf52,full_payload,24,2048,0.727,37.933,27.573581,13.78679,1106.1274,37.6119,7.21588,1.75275
ble_nrf52,full_payload,24,4096,0.944,38.0155,35.911418,8.977854,1106.1274,37.6119,7.21588,1.75275
ble_nrf52,full_payload,24,8192,1.319,37.7664,49.827122,6.22839,1106.1274,37.6119,7.21588,1.75275
ble_nrf52,full_payload,24,16384,2.142,37.777,80.927996,5.058,1106.1274,37.6119,7.21588,1.75275
ble_nrf52,full_payload,24,32768,4.073,37.2831,151.914787,4.747337,1106.1274,37.6119,7.21588,1.75275
ble_nrf52,full_payload,24,65536,7.898,37.1989,293.806225,4.590722,1106.1274,37.6119,7.21588,1.75275
ble_nrf52,full_payload,24,131072,1.516,38.4227,58.235848,0.454968,1106.1274,37.6119,7.21588,1.75275
ble_nrf52,full_payload,24,262144,1.526,38.1716,58.250919,0.227543,1106.1274,37.6119,7.21588,1.75275
ble_nrf52,full_payload,24,524288,1.52,38.1757,58.026314,0.113333,1106.1274,37.6119,7.21588,1.75275
ble_nrf52,full_payload,24,1048576,1.496,38.1434,57.074833,0.055737,1106.1274,37.6119,7.21588,1.75275
ble_nrf52,full_payload,25,1,0.742,37.5177,27.835998,28504.062428,1111.3594,37.3642,6.52437,0.91315
ble_nrf52,full_payload,25,2,0.547,37.4403,20.479315,10485.409482,1111.3594,37.3642,6.52437,0.91315
ble_nrf52,full_payload,25,4,0.547,37.478,20.5013,5248.332756,1111.3594,37.3642,6.52437,0.91315
ble_nrf52,full_payload,25,8,0.522,37.5571,19.601751,2509.024109,1111.3594,37.3642,6.52437,0.91315
ble_nrf52,full_payload,25,16,0.542,37.539,20.345679,1302.123462,1111.3594,37.3642,6.52437,0.91315
ble_nrf52,full_payload,25,32,0.545,37.4386,20.403953,652.926511,1111.3594,37.3642,6.52437,0.91315
ble_nrf52,full_payload,25,64,0.545,37.4875,20.429511,326.872181,1111.3594,37.3642,6.52437,0.91315
ble_nrf52,full_payload,25,128,0.544,37.5147,20.406384,163.251069,1111.3594,37.3642,6.52437,0.91315
ble_nrf52,full_payload,25,256,0.544,37.6107,20.458576,81.834303,1111.3594,37.3642,6.52437,0.91315
ble_nrf52,full_payload,25,512,0.573,37.4958,21.480673,42.961346,1111.3594,37.3642,6.52437,0.91315
ble_nrf52,full_payload,25,1024,0.62,37.6403,23.338351,23.338351,1111.3594,37.3642,6.52437,0.91315
ble_nrf52,full_payload,25,2048,0.709,37.8517,26.837978,13.418989,1111.3594,37.3642,6.52437,0.91315
ble_nrf52,full_payload,25,4096,0.972,37.9515,36.892572,9.223143,1111.3594,37.3642,6.52437,0.91315
ble_nrf52,full_payload,25,8192,1.313,38.0555,49.970982,6.246373,1111.3594,37.3642,6.52437,0.91315
ble_nrf52,full_payload,25,16384,2.172,37.6416,81.736792,5.10855,1111.3594,37.3642,6.52437,0.91315
ble_nrf52,full_payload,25,32768,4.219,36.5055,154.081175,4.815037,1111.3594,37.3642,6.52437,0.91315
ble_nrf52,full_payload,25,65536,8.018,36.7657,294.489465,4.601398,1111.3594,37.3642,6.52437,0.91315
ble_nrf52,full_payload,25,131072,1.511,38.2863,57.865759,0.452076,1111.3594,37.3642,6.52437,0.91315
ble_nrf52,full_payload,25,262144,1.521,38.153,58.05793,0.226789,1111.3594,37.3642,6.52437,0.91315
ble_nrf52,full_payload,25,524288,1.517,38.2356,58.008091,0.113297,1111.3594,37.3642,6.52437,0.91315
ble_nrf52,full_payload,25,1048576,1.521,38.2032,58.137173,0.056775,1111.3594,37.3642,6.52437,0.91315
ble_nrf52,full_payload,26,1,0.743,37.5104,27.871526,28540.443064,1112.8475,37.4759,6.54717,0.95802
ble_nrf52,full_payload,26,2,0.539,37.403,20.160575,10322.214228,1112.8475,37.4759,6.54717,0.95802
ble_nrf52,full_payload,26,4,0.542,37.5412,20.347941,5209.072915,1112.8475,37.4759,6.54717,0.95802
ble_nrf52,full_payload,26,8,0.545,37.5182,20.445665,2617.045137,1112.8475,37.4759,6.54717,0.95802
ble_nrf52,full_payload,26,16,0.522,37.5334,19.592955,1253.949122,1112.8475,37.4759,6.54717,0.95802
ble_nrf52,full_payload,26,32,0.546,37.4387,20.441996,654.143862,1112.8475,37.4759,6.54717,0.95802
ble_nrf52,full_payload,26,64,0.545,37.4706,20.421878,326.750044,1112.8475,37.4759,6.54717,0.95802
ble_nrf52,full_payload,26,128,0.544,37.4876,20.39415,163.153203,1112.8475,37.4759,6.54717,0.95802
ble_nrf52,full_payload,26,256,0.545,37.6403,20.500534,82.002138,1112.8475,37.4759,6.54717,0.95802
ble_nrf52,full_payload,26,512,0.62,37.6559,23.343929,46.687857,1112.8475,37.4759,6.54717,0.95802
ble_nrf52,full_payload,26,1024,0.567,37.659,21.355941,21.355941,1112.8475,37.4759,6.54717,0.95802
ble_nrf52,full_payload,26,2048,0.719,37.869,27.220452,13.610226,1112.8475,37.4759,6.54717,0.95802
ble_nrf52,full_payload,26,4096,0.939,38.074,35.748493,8.937123,1112.8475,37.4759,6.54717,0.95802
ble_nrf52,full_payload,26,8192,1.343,37.7561,50.735843,6.34198,1112.8475,37.4759,6.54717,0.95802
ble_nrf52,full_payload,26,16384,2.245,37.2537,83.686184,5.230386,1112.8475,37.4759,6.54717,0.95802
ble_nrf52,full_payload,26,32768,4.093,37.4682,153.408226,4.794007,1112.8475,37.4759,6.54717,0.95802
ble_nrf52,full_payload,26,65536,8.022,36.8072,295.20284,4.612544,1112.8475,37.4759,6.54717,0.95802
ble_nrf52,full_payload,26,131072,1.513,38.2745,57.896024,0.452313,1112.8475,37.4759,6.54717,0.95802
ble_nrf52,full_payload,26,262144,1.52,38.048,57.840567,0.22594,1112.8475,37.4759,6.54717,0.95802
ble_nrf52,full_payload,26,524288,1.523,38.2178,58.235802,0.113742,1112.8475,37.4759,6.54717,0.95802
ble_nrf52,full_payload,26,1048576,1.52,38.1616,57.995965,0.056637,1112.8475,37.4759,6.54717,0.95802
ble_nrf52,full_payload,27,1,0.753,37.5759,28.288217,28967.133804,1118.4261,37.3394,6.53151,0.86923
ble_nrf52,full_payload,27,2,0.545,37.4239,20.396266,10442.888333,1118.4261,37.3394,6.53151,0.86923
ble_nrf52,full_payload,27,4,0.522,37.4462,19.547685,5004.207395,1118.4261,37.3394,6.53151,0.86923
ble_nrf52,full_payload,27,8,0.542,37.5718,20.362076,2606.345724,1118.4261,37.3394,6.53151,0.86923
ble_nrf52,full_payload,27,16,0.544,37.5383,20.422481,1307.038772,1118.4261,37.3394,6.53151,0.86923
ble_nrf52,full_payload,27,32,0.518,37.4411,19.393934,620.605878,1118.4261,37.3394,6.53151,0.86923
ble_nrf52,full_payload,27,64,0.541,37.4941,20.283872,324.541953,1118.4261,37.3394,6.53151,0.86923
ble_nrf52,full_payload,27,128,0.547,37.4114,20.462324,163.698588,1118.4261,37.3394,6.53151,0.86923
ble_nrf52,full_payload,27,256,0.542,37.5496,20.348348,81.393393,1118.4261,37.3394,6.53151,0.86923
ble_nrf52,full_payload,27,512,0.622,37.6154,23.394294,46.788589,1118.4261,37.3394,6.53151,0.86923
ble_nrf52,full_payload,27,1024,0.586,37.7273,22.108503,22.108503,1118.4261,37.3394,6.53151,0.86923
ble_nrf52,full_payload,27,2048,0.723,37.8699,27.372456,13.686228,1118.4261,37.3394,6.53151,0.86923
ble_nrf52,full_payload,27,4096,0.893,37.9671,33.912526,8.478131,1118.4261,37.3394,6.53151,0.86923
ble_nrf52,full_payload,27,8192,1.342,38.2017,51.254029,6.406754,1118.4261,37.3394,6.53151,0.86923
ble_nrf52,full_payload,27,16384,2.246,37.226,83.606393,5.2254,1118.4261,37.3394,6.53151,0.86923
ble_nrf52,full_payload,27,32768,4.291,36.2682,155.838909,4.869966,1118.4261,37.3394,6.53151,0.86923
ble_nrf52,full_payload,27,65536,8.123,36.8123,299.097511,4.673399,1118.4261,37.3394,6.53151,0.86923
ble_nrf52,full_payload,27,131072,1.517,38.3003,58.099537,0.453903,1118.4261,37.3394,6.53151,0.86923
ble_nrf52,full_payload,27,262144,1.512,38.2076,57.790738,0.225745,1118.4261,37.3394,6.53151,0.86923
ble_nrf52,full_payload,27,524288,1.523,38.3174,58.353156,0.113971,1118.4261,37.3394,6.53151,0.86923
ble_nrf52,full_payload,27,1048576,1.521,38.1869,58.092859,0.056731,1118.4261,37.3394,6.53151,0.86923
ble_nrf52,full_payload,28,1,0.746,37.499,27.972929,28644.279122,1108.826,37.5542,6.54931,0.94942
ble_nrf52,full_payload,28,2,0.548,37.4304,20.510373,10501.31073,1108.826,37.5542,6.54931,0.94942
ble_nrf52,full_payload,28,4,0.521,37.3999,19.485443,4988.273284,1108.826,37.5542,6.54931,0.94942
ble_nrf52,full_payload,28,8,0.545,37.5613,20.466788,2619.748898,1108.826,37.5542,6.54931,0.94942
ble_nrf52,full_payload,28,16,0.548,37.5552,20.575271,1316.817364,1108.826,37.5542,6.54931,0.94942
ble_nrf52,full_payload,28,32,0.536,37.4141,20.054489,641.743634,1108.826,37.5542,6.54931,0.94942
ble_nrf52,full_payload,28,64,0.518,37.4552,19.401711,310.427375,1108.826,37.5542,6.54931,0.94942
ble_nrf52,full_payload,28,128,0.547,37.4561,20.49465,163.957201,1108.826,37.5542,6.54931,0.94942
ble_nrf52,full_payload,28,256,0.571,37.5857,21.456503,85.826012,1108.826,37.5542,6.54931,0.94942
ble_nrf52,full_payload,28,512,0.545,37.4768,20.426313,40.852626,1108.826,37.5542,6.54931,0.94942
ble_nrf52,full_payload,28,1024,0.623,37.745,23.511699,23.511699,1108.826,37.5542,6.54931,0.94942
ble_nrf52,full_payload,28,2048,0.742,37.7927,28.038474,14.019237,1108.826,37.5542,6.54931,0.94942
ble_nrf52,full_payload,28,4096,0.92,38.0512,35.010629,8.752657,1108.826,37.5542,6.54931,0.94942
ble_nrf52,full_payload,28,8192,1.349,38.0855,51.382775,6.422847,1108.826,37.5542,6.54931,0.94942
ble_nrf52,full_payload,28,16384,2.172,37.702,81.881299,5.117581,1108.826,37.5542,6.54931,0.94942
ble_nrf52,full_payload,28,32768,4.096,37.0608,152.303868,4.759496,1108.826,37.5542,6.54931,0.94942
ble_nrf52,full_payload,28,65536,7.923,37.0567,293.614504,4.587727,1108.826,37.5542,6.54931,0.94942
ble_nrf52,full_payload,28,131072,1.516,38.4239,58.252303,0.455096,1108.826,37.5542,6.54931,0.94942
ble_nrf52,full_payload,28,262144,1.52,38.0831,57.885286,0.226114,1108.826,37.5542,6.54931,0.94942
ble_nrf52,full_payload,28,524288,1.52,38.2155,58.104079,0.113485,1108.826,37.5542,6.54931,0.94942
ble_nrf52,full_payload,28,1048576,1.52,38.155,57.996655,0.056637,1108.826,37.5542,6.54931,0.94942
ble_nrf52,full_payload,29,1,0.748,37.5309,28.066985,28740.592742,1111.5931,37.4677,6.51068,0.85394
ble_nrf52,full_payload,29,2,0.546,37.4198,20.431328,10460.839741,1111.5931,37.4677,6.51068,0.85394
ble_nrf52,full_payload,29,4,0.518,37.4831,19.415717,4970.423589,1111.5931,37.4677,6.51068,0.85394
ble_nrf52,full_payload,29,8,0.543,37.5538,20.389961,2609.915067,1111.5931,37.4677,6.51068,0.85394
ble_nrf52,full_payload,29,16,0.544,37.4653,20.386242,1304.719469,1111.5931,37.4677,6.51068,0.85394
ble_nrf52,full_payload,29,32,0.544,37.4353,20.364724,651.671159,1111.5931,37.4677,6.51068,0.85394
ble_nrf52,full_payload,29,64,0.52,37.4705,19.481479,311.70366,1111.5931,37.4677,6.51068,0.85394
ble_nrf52,full_payload,29,128,0.543,37.6525,20.445856,163.566846,1111.5931,37.4677,6.51068,0.85394
ble_nrf52,full_payload,29,256,0.569,37.5367,21.355321,85.421285,1111.5931,37.4677,6.51068,0.85394
ble_nrf52,full_payload,29,512,0.57,37.5414,21.40091,42.801819,1111.5931,37.4677,6.51068,0.85394
ble_nrf52,full_payload,29,1024,0.594,37.6645,22.366498,22.366498,1111.5931,37.4677,6.51068,0.85394
ble_nrf52,full_payload,29,2048,0.748,37.8503,28.313957,14.156978,1111.5931,37.4677,6.51068,0.85394
ble_nrf52,full_payload,29,4096,0.945,37.9161,35.835036,8.958759,1111.5931,37.4677,6.51068,0.85394
ble_nrf52,full_payload,29,8192,1.366,37.7124,51.590791,6.448849,1111.5931,37.4677,6.51068,0.85394
ble_nrf52,full_payload,29,16384,2.174,37.654,81.858686,5.116168,1111.5931,37.4677,6.51068,0.85394
ble_nrf52,full_payload,29,32768,4.067,37.373,151.994997,4.749844,1111.5931,37.4677,6.51068,0.85394
ble_nrf52,full_payload,29,65536,8.047,36.7445,295.697477,4.620273,1111.5931,37.4677,6.51068,0.85394
ble_nrf52,full_payload,29,131072,1.519,38.1491,57.931973,0.452594,1111.5931,37.4677,6.51068,0.85394
ble_nrf52,full_payload,29,262144,1.518,38.2241,58.034318,0.226697,1111.5931,37.4677,6.51068,0.85394
ble_nrf52,full_payload,29,524288,1.523,38.1859,58.185737,0.113644,1111.5931,37.4677,6.51068,0.85394
ble_nrf52,full_payload,29,1048576,1.522,38.1295,58.045145,0.056685,1111.5931,37.4677,6.51068,0.85394
ble_nrf52,full_payload,30,1,0.754,37.5561,28.315805,28995.383916,1111.0704,37.3532,6.56186,0.77483
ble_nrf52,full_payload,30,2,0.521,37.451,19.511949,9990.117857,1111.0704,37.3532,6.56186,0.77483
ble_nrf52,full_payload,30,4,0.548,37.5514,20.576781,5267.655867,1111.0704,37.3532,6.56186,0.77483
ble_nrf52,full_payload,30,8,0.539,37.4048,20.160642,2580.562153,1111.0704,37.3532,6.56186,0.77483
ble_nrf52,full_payload,30,16,0.543,37.4517,20.33518,1301.451529,1111.0704,37.3532,6.56186,0.77483
ble_nrf52,full_payload,30,32,0.523,37.4749,19.598339,627.146863,1111.0704,37.3532,6.56186,0.77483
ble_nrf52,full_payload,30,64,0.538,37.509,20.176108,322.817735,1111.0704,37.3532,6.56186,0.77483
ble_nrf52,full_payload,30,128,0.545,37.4527,20.411141,163.289128,1111.0704,37.3532,6.56186,0.77483
ble_nrf52,full_payload,30,256,0.574,37.5125,21.52898,86.115922,1111.0704,37.3532,6.56186,0.77483
ble_nrf52,full_payload,30,512,0.548,37.4546,20.5246,41.0492,1111.0704,37.3532,6.56186,0.77483
ble_nrf52,full_payload,30,1024,0.616,37.6017,23.159256,23.159256,1111.0704,37.3532,6.56186,0.77483
ble_nrf52,full_payload,30,2048,0.724,37.8056,27.368862,13.684431,1111.0704,37.3532,6.56186,0.77483
ble_nrf52,full_payload,30,4096,0.921,38.2668,35.229271,8.807318,1111.0704,37.3532,6.56186,0.77483
ble_nrf52,full_payload,30,8192,1.391,37.7092,52.49036,6.561295,1111.0704,37.3532,6.56186,0.77483
ble_nrf52,full_payload,30,16384,2.223,37.1739,82.721907,5.170119,1111.0704,37.3532,6.56186,0.77483
ble_nrf52,full_payload,30,32768,4.039,37.3152,150.699611,4.709363,1111.0704,37.3532,6.56186,0.77483
ble_nrf52,full_payload,30,65536,8.121,36.4833,296.283392,4.629428,1111.0704,37.3532,6.56186,0.77483
ble_nrf52,full_payload,30,131072,1.517,38.0463,57.728385,0.451003,1111.0704,37.3532,6.56186,0.77483
ble_nrf52,full_payload,30,262144,1.519,38.375,58.279429,0.227654,1111.0704,37.3532,6.56186,0.77483
ble_nrf52,full_payload,30,524288,1.526,38.1319,58.194583,0.113661,1111.0704,37.3532,6.56186,0.77483
ble_nrf52,full_payload,30,1048576,1.515,38.1257,57.775787,0.056422,1111.0704,37.3532,6.56186,0.77483
