Protocol,Experiment,Run,Unique_Samples_N,Samples_N_eff,Vshunt_Mean_V,Vshunt_Median_V,Vshunt_Std_V,Vshunt_Max_V,Vshunt_Min_V,Vshunt_Combined_Uncert_V,Current_Mean_mA,Current_Median_mA,Current_Std_mA,Current_Max_mA,Current_Min_mA,Power_Mean_mW,Power_Std_mW,Power_Rel_Uncert_pct
wifi,chunk,esp32_chunked_1460_run01.csv,672,179.064750,0.1068307948,0.1071350000,0.0025060665,0.1142640000,0.0943170000,0.0001875636,94.1604478599,94.4285682480,2.2087969080,100.7119263039,83.1310393434,472.7211334680,11.0889975747,0.2171895441
wifi,chunk,esp32_chunked_1460_run02.csv,654,396.037784,0.1070318858,0.1070100000,0.0012911124,0.1146240000,0.0967501000,0.0000656991,94.3376854361,94.3183957474,1.1379606583,101.0292231057,85.2755250337,473.6109332703,5.7129937724,0.1418279416
wifi,chunk,esp32_chunked_1460_run03.csv,657,201.985445,0.1071852839,0.1072180000,0.0018624654,0.1178420000,0.0946145000,0.0001314568,94.4728874421,94.5017227884,1.6415397464,103.8655039619,83.3932498949,474.2896985798,8.2411516427,0.1771680964
wifi,chunk,esp32_chunked_1460_run04.csv,684,116.748554,0.1068277670,0.1072235000,0.0028546524,0.1175550000,0.0946242000,0.0002643990,94.1577791888,94.5065703784,2.5160335666,103.6125479005,83.4017992810,472.7077357276,12.6314420381,0.2785702275
wifi,chunk,esp32_chunked_1460_run05.csv,662,182.131415,0.1073687763,0.1074270000,0.0020786133,0.1168730000,0.0948314000,0.0001543710,94.6346139904,94.6859312095,1.8320482361,103.0114467370,83.5844212180,475.1016271436,9.1975764604,0.1924014116
wifi,chunk,esp32_chunked_1460_run06.csv,664,155.768309,0.1070751319,0.1072310000,0.0021716518,0.1153110000,0.0946214000,0.0001743087,94.3758017261,94.5131807285,1.9140504815,101.6347311692,83.3993314170,473.8022914918,9.6092588098,0.2069959117
wifi,chunk,esp32_chunked_1460_run07.csv,680,171.922423,0.1067072913,0.1071375000,0.0027441942,0.1157960000,0.0945755000,0.0002095449,94.0515943726,94.4307716980,2.4186779378,102.0622004716,83.3588760747,472.1746477078,12.1426798854,0.2343255582
wifi,chunk,esp32_chunked_1460_run08.csv,675,172.471403,0.1068926905,0.1071490000,0.0025419586,0.1179330000,0.0944512000,0.0001938337,94.2150015160,94.4409075681,2.2404315124,103.9457095424,83.2493205401,472.9950134963,11.2478152779,0.2218749182
wifi,chunk,esp32_chunked_1460_run09.csv,669,278.690436,0.1070873217,0.1072100000,0.0019670053,0.1162000000,0.0946984000,0.0001182815,94.3865455249,94.4946717484,1.7336791582,102.4182779937,83.4671976774,473.8562294333,8.7037264094,0.1689583481
wifi,chunk,esp32_chunked_1460_run10.csv,671,146.381513,0.1070084620,0.1073020000,0.0025097146,0.1179500000,0.0946099000,0.0002076929,94.3170401823,94.5757587088,2.2120122914,103.9606930025,83.3891955469,473.5072862720,11.1051400179,0.2324154190
wifi,chunk,esp32_chunked_1460_run11.csv,666,181.996394,0.1070489764,0.1072360000,0.0022586479,0.1170440000,0.0946981000,0.0001677439,94.3527487903,94.5175876285,1.9907270601,103.1621627179,83.4669332634,473.6865570171,9.9942042935,0.2022394927
wifi,chunk,esp32_chunked_1460_run12.csv,708,100.722550,0.1061814494,0.1071350000,0.0037620841,0.1158640000,0.0945454000,0.0003749978,93.5881278462,94.4285682480,3.3158257202,102.1221343120,83.3323465366,469.8478700997,16.6467017569,0.3755918802
wifi,chunk,esp32_chunked_1460_run13.csv,658,268.817159,0.1071321313,0.1071430000,0.0016932591,0.1178030000,0.0946105000,0.0001037937,94.4260398393,94.4356192880,1.4924047411,103.8311301417,83.3897243749,474.0545058594,7.4924373965,0.1604168410
wifi,chunk,esp32_chunked_1460_run14.csv,660,234.025103,0.1070715647,0.1070980000,0.0017421130,0.1179240000,0.0945277000,0.0001143496,94.3726576403,94.3959571878,1.5354635909,103.9377771223,83.3167461105,473.7865069893,7.7086091410,0.1665913745
wifi,chunk,esp32_chunked_1460_run15.csv,653,448.672957,0.1072396371,0.1071660000,0.0010864707,0.1164290000,0.0951190000,0.0000523306,94.5207932602,94.4558910282,0.9575935284,102.6201140148,83.8379061075,474.5302039422,4.8074824241,0.1368525146
wifi,chunk,esp32_chunked_1460_run16.csv,667,124.477073,0.1069065721,0.1071180000,0.0020886405,0.1121730000,0.0945667000,0.0001874914,94.2272364766,94.4135847879,1.8408859581,98.8689607134,83.3511199307,473.0564376356,9.2419451740,0.2170343664
wifi,chunk,esp32_chunked_1460_run17.csv,658,230.513604,0.1072839511,0.1072670000,0.0017337649,0.1160010000,0.0946820000,0.0001146641,94.5598507374,94.5449104087,1.5281057343,102.2428833727,83.4527430453,474.7262872797,7.6716699122,0.1666437547
wifi,chunk,esp32_chunked_1460_run18.csv,676,129.125787,0.1067698188,0.1072850000,0.0026550549,0.1149660000,0.0946894000,0.0002338792,94.1067048286,94.5607752488,2.3401122649,101.3306550674,83.4592652573,472.4513230831,11.7482504325,0.2536303752
wifi,chunk,esp32_chunked_1460_run19.csv,656,243.991278,0.1075863991,0.1074165000,0.0017527760,0.1202980000,0.0948382000,0.0001126928,94.8264223761,94.6766767194,1.5448616864,106.0301732543,83.5904146021,476.0645779323,7.7557911421,0.1652840926
wifi,chunk,esp32_chunked_1460_run20.csv,658,277.445954,0.1074388252,0.1073530000,0.0017722853,0.1184990000,0.0946350000,0.0001069066,94.6963537290,94.6207090891,1.5620568010,104.4445706252,83.4113181850,475.4115840297,7.8421171338,0.1620130789
wifi,chunk,esp32_chunked_1460_run21.csv,666,201.970938,0.1070544883,0.1072440000,0.0023586535,0.1197400000,0.0946866000,0.0001662891,94.3576068351,94.5246386685,2.0788700073,105.5383632115,83.4567973933,473.7109462433,10.4367152929,0.2011822714
wifi,chunk,esp32_chunked_1460_run22.csv,675,197.300966,0.1070295022,0.1072450000,0.0025191068,0.1194540000,0.0946598000,0.0001796407,94.3355846161,94.5255200486,2.2202903342,105.2862885300,83.4331764092,473.6003863577,11.1466989298,0.2109913610
wifi,chunk,esp32_chunked_1460_run23.csv,665,162.226714,0.1071864400,0.1074110000,0.0019631522,0.1167650000,0.0948201000,0.0001544803,94.4739064355,94.6718291294,1.7302830933,102.9162576965,83.5744616240,474.2948143126,8.6866768762,0.1926605141
wifi,chunk,esp32_chunked_1460_run24.csv,691,108.452065,0.1066335020,0.1073320000,0.0030074090,0.1146520000,0.0947748000,0.0002889688,93.9865579612,94.6022001090,2.6506701435,101.0539017459,83.5345351097,471.8481402750,13.3073686796,0.2996354928
wifi,chunk,esp32_chunked_1460_run25.csv,654,336.676974,0.1073255560,0.1073480000,0.0012457860,0.1134430000,0.0946709000,0.0000686836,94.5965204639,94.6163021891,1.0980108427,99.9883133198,83.4429597272,474.9103832040,5.5124305577,0.1429781072
wifi,chunk,esp32_chunked_1460_run26.csv,669,193.507566,0.1069395036,0.1072500000,0.0024988936,0.1174090000,0.0946384000,0.0001799361,94.2562616189,94.5299269486,2.2024748744,103.4838664197,83.4143148771,473.2021548498,11.0572585700,0.2113235759
wifi,chunk,esp32_chunked_1460_run27.csv,664,204.255478,0.1073286143,0.1073670000,0.0018052392,0.1172590000,0.0947421000,0.0001267387,94.5992160271,94.6330484092,1.5911017748,103.3516594190,83.5057139836,474.9239159527,7.9879339099,0.1740428334
wifi,chunk,esp32_chunked_1460_run28.csv,671,111.332375,0.1069429432,0.1074740000,0.0028916306,0.1163390000,0.0947603000,0.0002742468,94.2592932415,94.7273560697,2.5486254091,102.5407898144,83.5217550997,473.2173747439,12.7950654393,0.2865438379
wifi,chunk,esp32_chunked_1460_run29.csv,662,254.251118,0.1071171579,0.1073385000,0.0019406351,0.1193630000,0.0946944000,0.0001221465,94.4128425381,94.6079290790,1.7104370094,105.2060829496,83.4636721573,473.9882504058,8.5870420139,0.1713183083
wifi,chunk,esp32_chunked_1460_run30.csv,670,134.986092,0.1070278434,0.1073245000,0.0022021993,0.1169230000,0.0945094000,0.0001898276,94.3341225923,94.5955897590,1.9409744173,103.0555157373,83.3006168564,473.5930464442,9.7444271714,0.2186407146
wifi,byte,esp32_byte_by_byte_run01.csv,1761,436.761582,0.1105959479,0.1106870000,0.0035026700,0.1230230000,0.0943964000,0.0001679381,97.4789784996,97.5592300259,3.0871832721,108.4319337680,83.2010209158,489.3814149456,15.4988300158,0.1985056458
wifi,byte,esp32_byte_by_byte_run02.csv,1770,462.449750,0.1108814307,0.1108730000,0.0031253787,0.1222230000,0.0998904000,0.0001457252,97.7305973876,97.7231667068,2.7546463047,107.7268297640,88.0433226635,490.6446371229,13.8293684140,0.1833552479
wifi,byte,esp32_byte_by_byte_run03.csv,1750,339.191244,0.1102396653,0.1103670000,0.0034794721,0.1211700000,0.0948645000,0.0001892231,97.1649581783,97.2771884243,3.0667370957,106.7987366187,83.6135948962,487.8049139248,15.3961824615,0.2140304294
wifi,byte,esp32_byte_by_byte_run04.csv,1720,416.165810,0.1104563884,0.1104485000,0.0031803553,0.1213730000,0.1008340000,0.0001562602,97.3559735481,97.3490208947,2.8031016109,106.9776567597,88.8749928363,488.7638834727,14.0726324147,0.1906824816
wifi,byte,esp32_byte_by_byte_run05.csv,1747,421.895378,0.1104164438,0.1105060000,0.0034827086,0.1262340000,0.0949194000,0.0001698888,97.3207672420,97.3997002450,3.0695896835,111.2620449642,83.6619826585,488.5871344735,15.4105035338,0.2000500618
wifi,byte,esp32_byte_by_byte_run06.csv,1748,360.805781,0.1105823267,0.1107420000,0.0034054112,0.1250640000,0.0948780000,0.0001795954,97.4669730865,97.6077059262,3.0014613574,110.2308303583,83.6254935263,489.3211432224,15.0684735170,0.2066955430
wifi,byte,esp32_byte_by_byte_run07.csv,1758,360.153182,0.1104259702,0.1105430000,0.0035140758,0.1220760000,0.0948514000,0.0001854730,97.3291635736,97.4323113052,3.0972361056,107.5972669033,83.6020488181,488.6292872402,15.5492990498,0.2110861973
wifi,byte,esp32_byte_by_byte_run08.csv,1821,353.828692,0.1108964030,0.1112720000,0.0041237676,0.1256840000,0.0946573000,0.0002194877,97.7437936126,98.0748373288,3.6346063389,110.7772859614,83.4309729592,490.7108871735,18.2471012754,0.2356242980
wifi,byte,esp32_byte_by_byte_run09.csv,1771,279.044694,0.1107526030,0.1111460000,0.0040051241,0.1229570000,0.0948131000,0.0002399975,97.6170512417,97.9637834482,3.5300362949,108.3737626877,83.5682919639,490.0745924382,17.7221200243,0.2516012741
wifi,byte,esp32_byte_by_byte_run10.csv,1796,285.623876,0.1109342203,0.1114495000,0.0039506862,0.1251420000,0.0949376000,0.0002340057,97.7771250754,98.2312822797,3.4820558415,110.2995779987,83.6780237746,490.8782237487,17.4812399645,0.2466613006
wifi,byte,esp32_byte_by_byte_run11.csv,1811,323.179822,0.1113446445,0.1117250000,0.0038566361,0.1271390000,0.0948914000,0.0002147955,98.1388647437,98.4741024711,3.3991619290,112.0596938688,83.6373040183,492.6942939770,17.0650811084,0.2314313885
wifi,byte,esp32_byte_by_byte_run12.csv,1875,504.563137,0.1117914750,0.1117300000,0.0033045065,0.1229600000,0.0947358000,0.0001475028,98.5326921952,98.4785093711,2.9125259864,108.3764068277,83.5001612896,494.6714570374,14.6219842496,0.1837285338
wifi,byte,esp32_byte_by_byte_run13.csv,1891,460.185836,0.1117662828,0.1117890000,0.0035619257,0.1208500000,0.0946710000,0.0001663881,98.5104883173,98.5305107914,3.1394100567,106.5166950171,83.4430478652,494.5599851556,15.7610282676,0.1962379310
wifi,byte,esp32_byte_by_byte_run14.csv,1833,490.955078,0.1121682040,0.1120850000,0.0031378771,0.1247140000,0.1003380000,0.0001420248,98.8647336476,98.7913992729,2.7656621582,109.9223473565,88.4378283538,496.3384309663,13.8846721731,0.1799413575
wifi,byte,esp32_byte_by_byte_run15.csv,1849,438.211966,0.1120893271,0.1120780000,0.0030493992,0.1219280000,0.0972857000,0.0001460668,98.7952131363,98.7852296129,2.6876795114,107.4668226625,85.7475921644,495.9894116524,13.4931697323,0.1825602850
wifi,byte,esp32_byte_by_byte_run16.csv,1844,501.006888,0.1123925027,0.1122180000,0.0031393219,0.1261250000,0.0964971000,0.0001406668,99.0624260143,98.9086228136,2.7669355162,111.1659745436,85.0525358924,497.3309215696,13.8910649127,0.1789163956
wifi,byte,esp32_byte_by_byte_run17.csv,1861,445.197483,0.1119485935,0.1119470000,0.0035279037,0.1322260000,0.0947365000,0.0001675461,98.6711733096,98.6697688322,3.1094237792,116.5432739544,83.5007782556,495.3666847137,15.6104857904,0.1968393870
wifi,byte,esp32_byte_by_byte_run18.csv,1855,551.488100,0.1123647732,0.1121570000,0.0032701007,0.1228250000,0.0948522000,0.0001396653,99.0379857365,98.8548586333,2.8822013437,108.2574205270,83.6027539221,497.2082221123,14.4697430509,0.1783156135
wifi,byte,esp32_byte_by_byte_run19.csv,1837,533.351902,0.1123865161,0.1121840000,0.0030922452,0.1223140000,0.1004210000,0.0001343285,99.0571494983,98.8786558934,2.7254430479,107.8070353444,88.5109828942,497.3044314596,13.6827569973,0.1750223911
wifi,byte,esp32_byte_by_byte_run20.csv,1859,359.956071,0.1122931716,0.1123940000,0.0039392324,0.1214430000,0.0948187000,0.0002079074,98.9748775567,99.0637456945,3.4719607139,107.0393533601,83.5732276920,496.8913951328,17.4305585978,0.2250011955
wifi,byte,esp32_byte_by_byte_run21.csv,1865,449.643049,0.1124259965,0.1122880000,0.0037358283,0.1229350000,0.0948654000,0.0001765078,99.0919467828,98.9703194140,3.2926843368,108.3543723276,83.6143881382,497.4791270152,16.5305232420,0.2024728031
wifi,byte,esp32_byte_by_byte_run22.csv,1846,513.225396,0.1121264965,0.1120610000,0.0032108641,0.1219000000,0.0951223000,0.0001421393,98.8279734874,98.7702461528,2.8299914341,107.4421440224,83.8408146615,496.1538810310,14.2076295181,0.1800463888
wifi,byte,esp32_byte_by_byte_run23.csv,1829,650.288917,0.1121573504,0.1119290000,0.0030391016,0.1333420000,0.0948528000,0.0001196612,98.8551674295,98.6539039921,2.6786033715,117.5268940400,83.6032827501,496.2904049263,13.4476040699,0.1665229537
wifi,byte,esp32_byte_by_byte_run24.csv,1863,597.191418,0.1124404727,0.1121910000,0.0033222919,0.1252800000,0.0948788000,0.0001363771,99.1047057841,98.8848255535,2.9282016849,110.4212084394,83.6261986303,497.5431820370,14.7006821969,0.1762320839
wifi,byte,esp32_byte_by_byte_run25.csv,1846,339.834086,0.1120417193,0.1122670000,0.0037792495,0.1237850000,0.0949432000,0.0002052901,98.7532525638,98.9518104338,3.3309549865,109.1035453319,83.6829595026,495.7787536765,16.7226564075,0.2234235984
wifi,byte,esp32_byte_by_byte_run26.csv,1813,528.479343,0.1121062285,0.1120270000,0.0031110810,0.1221150000,0.0975693000,0.0001357574,98.8101096141,98.7402792326,2.7420446190,107.6316407234,85.9975515338,496.0641976167,13.7661031759,0.1761005879
wifi,byte,esp32_byte_by_byte_run27.csv,1801,295.982009,0.1113615897,0.1116460000,0.0037199630,0.1218070000,0.0948798000,0.0002164893,98.1537998748,98.4044734507,3.2787010255,107.3601756819,83.6270800103,492.7692739950,16.4603217198,0.2326761194
wifi,byte,esp32_byte_by_byte_run28.csv,1857,284.156544,0.1109954062,0.1115230000,0.0040853058,0.1247860000,0.0948131000,0.0002425860,97.8310530776,98.2960637101,3.6007068343,109.9858067169,83.5682919639,491.1489627579,18.0769129150,0.2532032827
wifi,byte,esp32_byte_by_byte_run29.csv,1777,385.196832,0.1108632157,0.1110550000,0.0032730338,0.1216030000,0.0949294000,0.0001671066,97.7145430210,97.8835778677,2.8847865813,107.1803741609,83.6707964585,490.5640381182,14.4827219234,0.1976532137
wifi,byte,esp32_byte_by_byte_run30.csv,1819,511.541139,0.1116206562,0.1115810000,0.0032569162,0.1217250000,0.0955415000,0.0001443992,98.3821359187,98.3471837504,2.8705807946,107.2879025215,84.2102891596,493.9156074709,14.4114034905,0.1818856759
wifi,all,esp32_full_payload_run01_attempt01.csv,262,29.052880,0.0994872927,0.0946384500,0.0056872590,0.1115100000,0.0941777000,0.0010551812,87.6880319918,83.4143589461,5.0126363847,98.2846057700,83.0082631087,440.2271528742,25.1653343553,1.0682747991
wifi,all,esp32_full_payload_run02_attempt01.csv,262,31.821874,0.0997335744,0.0953724000,0.0057252060,0.1136990000,0.0943545000,0.0010149589,87.9050997396,84.0612478008,5.0460820952,100.2139466011,83.1640910936,441.3169152332,25.3332444975,1.0256485563
wifi,all,esp32_full_payload_run03_attempt01.csv,272,32.240925,0.1017583246,0.0983628000,0.0093654895,0.1379750000,0.0943191000,0.0016494328,89.6896740854,86.6969265678,8.2545552019,121.6103276033,83.1328902415,450.2761547724,41.4409954499,1.6259317709
wifi,all,esp32_full_payload_run04_attempt01.csv,275,41.301303,0.1000496095,0.0976674000,0.0051789897,0.1074750000,0.0943984000,0.0008059264,88.1836466934,86.0840149123,4.5646579483,94.7282374497,83.2027836759,442.7153265056,22.9163128284,0.8155934414
wifi,all,esp32_full_payload_run05_attempt02.csv,259,33.133855,0.0996873012,0.0953185000,0.0056676485,0.1141880000,0.0944433000,0.0009846648,87.8643154054,84.0137414185,4.9953520998,100.6449414235,83.2423576381,441.1121624189,25.0785606948,0.9959727448
wifi,all,esp32_full_payload_run06_attempt01.csv,262,31.846188,0.0996083420,0.0960394000,0.0057533417,0.1141070000,0.0943721000,0.0010195568,87.7947223686,84.6491282641,5.0708803221,100.5735496431,83.1796033817,440.7627789996,25.4577409945,1.0314981327
wifi,all,esp32_full_payload_run07_attempt01.csv,279,35.581883,0.0992181409,0.0948201000,0.0055607453,0.1135040000,0.0945349000,0.0009322713,87.4508068995,83.5744616240,4.9011296815,100.0420775001,83.3230920465,439.0361930066,24.6055284462,0.9482564346
wifi,all,esp32_full_payload_run08_attempt01.csv,276,31.672962,0.0992793989,0.0948354500,0.0055436386,0.1118890000,0.0944592000,0.0009850809,87.5047985224,83.5879908071,4.8860521802,98.6186487919,83.2563715802,439.3072514155,24.5298336753,1.0004131100
wifi,all,esp32_full_payload_run09_attempt02.csv,268,33.895308,0.1014389526,0.0963390000,0.0091972944,0.1399820000,0.0944407000,0.0015797882,89.4081859724,84.9131897136,8.1063113810,123.3792572734,83.2400660501,448.8629777661,40.6967552868,1.5625845003
wifi,all,esp32_full_payload_run10_attempt01.csv,265,44.098185,0.1009194706,0.0965878000,0.0085544264,0.1449050000,0.0943628000,0.0012882297,88.9503248842,85.1324770589,7.5397003463,127.7182910382,83.1714065477,446.5643415816,37.8521531569,1.2828526242
wifi,all,esp32_full_payload_run11_attempt01.csv,274,32.896074,0.0993934281,0.0954014500,0.0056052314,0.1102770000,0.0944414000,0.0009773345,87.6053015697,84.0868518899,4.9403389150,97.1978642238,83.2406830161,439.8118148019,24.8023736579,0.9915552136
wifi,all,esp32_full_payload_run12_attempt01.csv,268,40.621752,0.0993985955,0.0951228000,0.0055824020,0.1155900000,0.0944521000,0.0008759288,87.6098560306,83.8412553515,4.9202175405,101.8806361906,83.2501137821,439.8346799214,24.7013567322,0.8904364871
wifi,all,esp32_full_payload_run13_attempt01.csv,265,29.029776,0.0993473000,0.0947542000,0.0054932132,0.1066330000,0.0943726000,0.0010195876,87.5646451828,83.5163786816,4.8416082384,93.9861154855,83.1800440717,439.6077043314,24.3067082442,1.0341975084
wifi,all,esp32_full_payload_run14_attempt03.csv,263,36.097249,0.0994316141,0.0949491000,0.0056866713,0.1143420000,0.0943466000,0.0009465514,87.6389579168,83.6881596446,5.0121183424,100.7806739443,83.1571281916,439.9807824197,25.1627335864,0.9604893803
wifi,all,esp32_full_payload_run15_attempt01.csv,266,28.826367,0.0994121805,0.0948860500,0.0056672961,0.1137010000,0.0943588000,0.0010556004,87.6218295151,83.6325886353,4.9950414904,100.2157093611,83.1678810277,439.8947913516,25.0770013177,1.0694890152
wifi,all,esp32_full_payload_run16_attempt02.csv,279,50.964956,0.0994947018,0.0960098000,0.0056069733,0.1167220000,0.0943955000,0.0007854640,87.6945621751,84.6230394160,4.9418741265,102.8783583563,83.2002276738,440.2599368690,24.8100810012,0.7997227022
wifi,all,esp32_full_payload_run17_attempt01.csv,256,35.416190,0.0997094637,0.0952533000,0.0057156109,0.1110760000,0.0945169000,0.0009604711,87.8838490017,83.9562754422,5.0376251241,97.9020868478,83.3072272064,441.2102284753,25.2907872973,0.9716972433
wifi,all,esp32_full_payload_run18_attempt01.csv,273,30.406548,0.0994207498,0.0948542000,0.0055940752,0.1085630000,0.0944347000,0.0010145300,87.6293823827,83.6045166821,4.9305060443,95.6871788952,83.2347777700,439.9327096094,24.7530089206,1.0283974927
wifi,all,esp32_full_payload_run19_attempt01.csv,257,29.876391,0.0995405284,0.0951045000,0.0055634207,0.1075810000,0.0943997000,0.0010178830,87.7349528351,83.8251260974,4.9034877875,94.8216637302,83.2039294699,440.4627132896,24.6173670319,1.0305215385
wifi,all,esp32_full_payload_run20_attempt01.csv,270,35.248075,0.0989650237,0.0946403000,0.0055627563,0.1134350000,0.0943414000,0.0009370134,87.2277144988,83.4159894991,4.9029022194,99.9812622797,83.1525450156,437.9161846069,24.6144272580,0.9553858690
wifi,all,esp32_full_payload_run21_attempt01.csv,265,35.853145,0.0995158287,0.0950573000,0.0055681969,0.1085720000,0.0944947000,0.0009299829,87.7131829909,83.7835249612,4.9076974530,95.6951113152,83.2876605703,440.3534204217,24.6385011483,0.9431932659
wifi,all,esp32_full_payload_run22_attempt01.csv,291,42.705316,0.0991082330,0.0946524000,0.0056719172,0.1118760000,0.0944090000,0.0008679931,87.3539363000,83.4266541971,4.9991143769,98.6071908519,83.2121263039,438.5498658849,25.0974487516,0.8850678451
wifi,all,esp32_full_payload_run23_attempt01.csv,264,35.653503,0.0994062402,0.0951314500,0.0056483205,0.1126540000,0.0943724000,0.0009460005,87.6165938538,83.8488792885,4.9783167338,99.2929044958,83.1798677957,439.8685063477,24.9930367012,0.9601809773
wifi,all,esp32_full_payload_run24_attempt02.csv,269,36.829633,0.0992726320,0.0951963000,0.0055289046,0.1113600000,0.0944328000,0.0009110985,87.4988342743,83.9060367819,4.8730659314,98.1523987693,83.2331031480,439.2773086299,24.4646377850,0.9266173455
wifi,all,esp32_full_payload_run25_attempt04.csv,270,37.894296,0.0993936007,0.0950848000,0.0056064619,0.1129480000,0.0945489000,0.0009108082,87.6054537299,83.8077629113,4.9414234405,99.5520302173,83.3354313666,439.8125787036,24.8078183868,0.9252218761
wifi,all,esp32_full_payload_run26_attempt01.csv,268,36.485158,0.0996212604,0.0951333500,0.0055250971,0.1093470000,0.0945828000,0.0009147589,87.8061084436,83.8505539106,4.8697101483,96.3781808191,83.3653101488,440.8199414112,24.4477904818,0.9270755811
wifi,all,esp32_full_payload_run27_attempt01.csv,271,29.885595,0.0993155524,0.0946269000,0.0056342619,0.1125570000,0.0943434000,0.0010306841,87.5366634816,83.4041790070,4.9659257747,99.2074106353,83.1543077756,439.4672255870,24.9308293906,1.0456110256
wifi,all,esp32_full_payload_run28_attempt01.csv,272,29.457073,0.0993740912,0.0951506500,0.0055148987,0.1080260000,0.0944263000,0.0010161617,87.5882583900,83.8658017846,4.8607214620,95.2138778325,83.2273741780,439.7262515808,24.4026638702,1.0305021077
wifi,all,esp32_full_payload_run29_attempt02.csv,273,33.207246,0.0991640183,0.0947079000,0.0055349073,0.1099260000,0.0945069000,0.0009605419,87.4031043703,83.4755707874,4.8783566590,96.8884998421,83.2984134064,438.7967082318,24.4911992425,0.9770203520
wifi,all,esp32_full_payload_run30_attempt02.csv,257,43.842529,0.0998110070,0.0954964000,0.0058239543,0.1168100000,0.0944742000,0.0008796241,87.9733472642,84.1705389214,5.1331168369,102.9559197967,83.2695922802,441.6595436713,25.7701918853,0.8904970632
BLE,chunk,ble_nrf52_chunked_244_run01.csv,332,54.292140,0.0095926608,0.0097283650,0.0020688732,0.0113533000,0.0035900100,0.0002808187,8.4567008178,8.5763078011,1.8234634945,10.0084930196,3.1660844403,42.4558430512,9.1544778042,2.9295592999
BLE,chunk,ble_nrf52_chunked_244_run02.csv,333,51.918723,0.0096259785,0.0098384100,0.0020163206,0.0111785000,0.0036089700,0.0002798715,8.4860664124,8.6732992638,1.7771447042,9.8544277947,3.1827954052,42.6032694652,8.9219399229,2.9096125225
BLE,chunk,ble_nrf52_chunked_244_run03.csv,332,65.794961,0.0096197795,0.0097768250,0.0020631534,0.0111630000,0.0036131400,0.0002543953,8.4806027285,8.6190194762,1.8184221865,9.8407664046,3.1864707598,42.5758397015,9.1291685276,2.6469932801
BLE,chunk,ble_nrf52_chunked_244_run04.csv,333,50.803285,0.0096301841,0.0098599900,0.0020084899,0.0111553000,0.0036244700,0.0002818279,8.4897731049,8.6923194443,1.7702428493,9.8339797786,3.1964567953,42.6218784667,8.8872899955,2.9286358723
BLE,chunk,ble_nrf52_chunked_244_run05.csv,330,67.290650,0.0096220331,0.0097568600,0.0020489249,0.0111684000,0.0036075400,0.0002498189,8.4825889825,8.6014227244,1.8058814713,9.8455258567,3.1815350318,42.5858114495,9.0662093843,2.5988805669
BLE,chunk,ble_nrf52_chunked_244_run06.csv,331,44.283727,0.0096383742,0.0098480700,0.0019836219,0.0111630000,0.0036069400,0.0002981197,8.4969916822,8.6818133946,1.7483246769,9.8407664046,3.1810062038,42.6581184602,8.7772524632,3.0949920825
BLE,chunk,ble_nrf52_chunked_244_run07.csv,333,69.454733,0.0096306177,0.0097693800,0.0020494151,0.0111833000,0.0036055100,0.0002459564,8.4901553010,8.6124576020,1.8063134506,9.8586584187,3.1797458304,42.6237972355,9.0683780843,2.5565215678
BLE,chunk,ble_nrf52_chunked_244_run08.csv,332,43.571693,0.0096349513,0.0097566200,0.0019812246,0.0111578000,0.0036169600,0.0003001820,8.4939748029,8.6012111932,1.7462117918,9.8361832286,3.1898376314,42.6429725830,8.7666449793,3.1174707717
BLE,chunk,ble_nrf52_chunked_244_run09.csv,330,70.078873,0.0096127517,0.0098258300,0.0020818555,0.0111591000,0.0036100400,0.0002487335,8.4744085742,8.6622115033,1.8349058035,9.8373290226,3.1837384818,42.5447426995,9.2119225317,2.5901083284
BLE,chunk,ble_nrf52_chunked_244_run10.csv,330,42.124426,0.0096397535,0.0098661300,0.0019853313,0.0113131000,0.0036043200,0.0003059265,8.4982073834,8.6977311175,1.7498312692,9.9730615434,3.1786969882,42.6642217412,8.7848161277,3.1754501271
BLE,chunk,ble_nrf52_chunked_244_run11.csv,332,70.374984,0.0096102925,0.0098098500,0.0020842626,0.0111593000,0.0036111200,0.0002484968,8.4722410870,8.6481270508,1.8370274039,9.8375052986,3.1846903722,42.5338610923,9.2225737697,2.5883092491
BLE,chunk,ble_nrf52_chunked_244_run12.csv,331,42.313850,0.0096406920,0.0097829700,0.0019764550,0.0111573000,0.0036070600,0.0003038768,8.4990345666,8.6244355563,1.7420079378,9.8357425386,3.1811119694,42.6683745141,8.7455400391,3.1539023245
BLE,chunk,ble_nrf52_chunked_244_run13.csv,332,70.590863,0.0096154296,0.0098182600,0.0020805886,0.0112112000,0.0036124300,0.0002476794,8.4767688317,8.6555394567,1.8337891695,9.8832489209,3.1858449800,42.5565920864,9.2063166060,2.5784421815
BLE,chunk,ble_nrf52_chunked_244_run14.csv,333,42.391088,0.0096437847,0.0097984700,0.0019755221,0.0112813000,0.0036074200,0.0003034566,8.5017603759,8.6380969464,1.7411856425,9.9450336592,3.1814292662,42.6820591099,8.7414118051,3.1485404199
BLE,chunk,ble_nrf52_chunked_244_run15.csv,332,71.577018,0.0096320096,0.0098353700,0.0020676609,0.0113185000,0.0036117100,0.0002444402,8.4913820591,8.6706198685,1.8223950157,9.9778209954,3.1852103864,42.6299560261,9.1491136355,2.5404353041
BLE,chunk,ble_nrf52_chunked_244_run16.csv,331,43.286265,0.0096408027,0.0098876500,0.0019853545,0.0112161000,0.0036242300,0.0003017974,8.4991321042,8.7166984152,1.7498517866,9.8875676829,3.1962452641,42.6688641899,8.7849191330,3.1323210216
BLE,chunk,ble_nrf52_chunked_244_run17.csv,333,73.629650,0.0096271364,0.0097535200,0.0020581930,0.0111857000,0.0035889400,0.0002399070,8.4870869604,8.5984789151,1.8140501904,9.8607737307,3.1651413637,42.6083930032,9.1072194502,2.4947012212
BLE,chunk,ble_nrf52_chunked_244_run18.csv,332,43.872727,0.0096411299,0.0098182000,0.0019780795,0.0113872000,0.0036021700,0.0002986758,8.4994205367,8.6554865739,1.7434397293,10.0383718018,3.1768020212,42.6703122304,8.7527281749,3.0998713496
BLE,chunk,ble_nrf52_chunked_244_run19.csv,330,71.033055,0.0096010154,0.0097473200,0.0020847535,0.0114055000,0.0036042000,0.0002474017,8.4640644314,8.5930143591,1.8374600329,10.0545010559,3.1785912226,42.4928111823,9.2247457316,2.5794139020
BLE,chunk,ble_nrf52_chunked_244_run20.csv,333,42.733107,0.0096360450,0.0097680700,0.0019779234,0.0111693000,0.0035902500,0.0003026074,8.4949387858,8.6113029942,1.7433021153,9.8463190987,3.1662959715,42.6478121423,8.7520373007,3.1422608345
BLE,chunk,ble_nrf52_chunked_244_run21.csv,337,72.394234,0.0096334439,0.0097363500,0.0020291184,0.0111947000,0.0036214900,0.0002385281,8.4926462041,8.5833456204,1.7884243708,9.8687061508,3.1938302829,42.6363025134,8.9785681240,2.4787809952
BLE,chunk,ble_nrf52_chunked_244_run22.csv,333,45.840508,0.0096360826,0.0098268400,0.0019918279,0.0112237000,0.0036226800,0.0002942269,8.4949718971,8.6631016971,1.7555573071,9.8942661709,3.1948791251,42.6479783736,8.8135630083,3.0553728112
BLE,chunk,ble_nrf52_chunked_244_run23.csv,331,69.044919,0.0096346390,0.0098035900,0.0020600803,0.0111983000,0.0036123100,0.0002479683,8.4936996080,8.6426096120,1.8157136169,9.8718791188,3.1857392144,42.6415910003,9.1155704816,2.5763086005
BLE,chunk,ble_nrf52_chunked_244_run24.csv,331,47.286290,0.0096375689,0.0099042200,0.0020063194,0.0113073000,0.0036145700,0.0002918022,8.4962819183,8.7313028819,1.7683297831,9.9679495394,3.1877311332,42.6545551766,8.8776856781,3.0297721540
BLE,chunk,ble_nrf52_chunked_244_run25.csv,329,67.412153,0.0096180518,0.0097679400,0.0020566337,0.0111615000,0.0035876300,0.0002505325,8.4790799197,8.6111884148,1.8126758334,9.8394443346,3.1639867559,42.5681946240,9.1003196572,2.6073619394
BLE,chunk,ble_nrf52_chunked_244_run26.csv,332,46.634944,0.0096335486,0.0098295900,0.0019957860,0.0111702000,0.0036169600,0.0002922902,8.4927385347,8.6655254921,1.7590458751,9.8471123407,3.1898376314,42.6367660481,8.8310769413,3.0360933712
BLE,chunk,ble_nrf52_chunked_244_run27.csv,334,62.141974,0.0096231663,0.0097368250,0.0020397054,0.0112316000,0.0036065900,0.0002587893,8.4835877857,8.5837642760,1.7977555139,9.9012290730,3.1806977208,42.5908258198,9.0254139985,2.6916618528
BLE,chunk,ble_nrf52_chunked_244_run28.csv,333,51.792932,0.0096294679,0.0099081600,0.0020206870,0.0111685000,0.0036194600,0.0002808177,8.4891418992,8.7347755191,1.7809931278,9.8456139947,3.1920410814,42.6187095748,8.9412604677,2.9183747917
BLE,chunk,ble_nrf52_chunked_244_run29.csv,331,57.873564,0.0096380934,0.0097261000,0.0020180289,0.0111669000,0.0035792800,0.0002653110,8.4967441768,8.5743114754,1.7786503024,9.8442037867,3.1566272328,42.6568758895,8.9294985963,2.7550789933
BLE,chunk,ble_nrf52_chunked_244_run30.csv,334,58.465718,0.0096284527,0.0098611200,0.0020432421,0.0112086000,0.0036031300,0.0002672613,8.4882471193,8.6933154037,1.8008726892,9.8809573329,3.1776481460,42.6142174403,9.0410633997,2.7780610241
BLE,byte,ble_nrf52_byte_for_byte_run01.csv,3587,1476.862557,0.0084359451,0.0084490700,0.0009105563,0.0124462000,0.0052267500,0.0000241510,7.4371947250,7.4487627676,0.8025461149,10.9717532271,4.6086743497,37.3375360902,4.0290856481,0.3134724313
BLE,byte,ble_nrf52_byte_for_byte_run02.csv,3587,1455.981940,0.0084553371,0.0084793500,0.0009026360,0.0124759000,0.0052356900,0.0000241135,7.4542864746,7.4754509541,0.7955653051,10.9979302132,4.6165538870,37.4233431504,3.9940393375,0.3124687584
BLE,byte,ble_nrf52_byte_for_byte_run024.csv,3596,1507.179829,0.0084379021,0.0084797100,0.0009278717,0.0124286000,0.0052309200,0.0000243536,7.4389195887,7.4757682509,0.8178076072,10.9562409390,4.6123497044,37.3461955595,4.1057041234,0.3156053239
BLE,byte,ble_nrf52_byte_for_byte_run025.csv,3588,1490.410291,0.0083591112,0.0083913600,0.0009321772,0.0125566000,0.0052364000,0.0000245945,7.3694749032,7.3978983275,0.8216023261,11.0690575797,4.6171796668,36.9975569197,4.1247550502,0.3207331773
BLE,byte,ble_nrf52_byte_for_byte_run026.csv,3589,1470.633142,0.0083580016,0.0083817000,0.0009380876,0.0125049000,0.0052263900,0.0000249047,7.3684969271,7.3893841966,0.8268116820,11.0234902334,4.6083570529,36.9926471095,4.1509079913,0.3241758380
BLE,byte,ble_nrf52_byte_for_byte_run027.csv,3588,1519.260473,0.0084112875,0.0084392300,0.0009148986,0.0124796000,0.0052298500,0.0000239336,7.4154620545,7.4400899883,0.8063732965,11.0011913193,4.6114066278,37.2284298480,4.0482995504,0.3118800571
BLE,byte,ble_nrf52_byte_for_byte_run028.csv,3587,1520.104513,0.0084290158,0.0084577700,0.0009158159,0.0126211000,0.0052250800,0.0000239503,7.4310874054,7.4564307736,0.8071818457,11.1259065900,4.6072024451,37.3068750309,4.0523587736,0.3115155232
BLE,byte,ble_nrf52_byte_for_byte_run029.csv,3601,1328.742746,0.0084193471,0.0084506200,0.0009434062,0.0124688000,0.0051672500,0.0000262999,7.4225655961,7.4501289066,0.8314993182,10.9916724152,4.5562322394,37.2640923186,4.1744417014,0.3374530002
BLE,byte,ble_nrf52_byte_for_byte_run03.csv,3587,1444.560322,0.0084264879,0.0084648100,0.0009091276,0.0124734000,0.0052226900,0.0000243726,7.4288593789,7.4626356888,0.8012868765,10.9957267632,4.6050959469,37.2956894938,4.0227637941,0.3161684064
BLE,byte,ble_nrf52_byte_for_byte_run030.csv,3587,1375.235455,0.0084513591,0.0084766100,0.0009157130,0.0124601000,0.0051378000,0.0000251317,7.4507803759,7.4730359729,0.8070911083,10.9840044092,4.5302755983,37.4057412062,4.0519032375,0.3236207450
BLE,byte,ble_nrf52_byte_for_byte_run04.csv,3586,1413.499854,0.0084491140,0.0084585450,0.0008946400,0.0124676000,0.0052269900,0.0000242510,7.4488015645,7.4571138431,0.7885177763,10.9906147592,4.6088858809,37.3958068232,3.9586580718,0.3141458187
BLE,byte,ble_nrf52_byte_for_byte_run05.csv,3585,1519.013241,0.0084708097,0.0084846000,0.0008882004,0.0125167000,0.0052237700,0.0000232642,7.4679237378,7.4800781991,0.7828420450,11.0338905175,4.6060478373,37.4918073799,3.9301637498,0.3028785523
BLE,byte,ble_nrf52_byte_for_byte_run06.csv,3595,1420.257691,0.0084324554,0.0084401300,0.0009117912,0.0125277000,0.0052211400,0.0000246420,7.4341190102,7.4408832303,0.8036345308,11.0435856975,4.6037298079,37.3220948361,4.0345499083,0.3189051148
BLE,byte,ble_nrf52_byte_for_byte_run07.csv,3592,1469.419929,0.0084054934,0.0084197400,0.0009214774,0.0123704000,0.0052277000,0.0000244893,7.4103552426,7.4229118920,0.8121717463,10.9049446227,4.6095116607,37.2027917166,4.0774099657,0.3180995847
BLE,byte,ble_nrf52_byte_for_byte_run08.csv,3593,1455.153359,0.0084480846,0.0084766100,0.0009061384,0.0125748000,0.0052235300,0.0000242101,7.4478942955,7.4730359729,0.7986523066,11.0850986957,4.6058363061,37.3912519889,4.0095372549,0.3137363569
BLE,byte,ble_nrf52_byte_for_byte_run09.csv,3594,1461.208137,0.0084531884,0.0084809600,0.0009148058,0.0125570000,0.0052362900,0.0000243843,7.4523926014,7.4768699759,0.8062915153,11.0694101317,4.6170827150,37.4138351892,4.0478889776,0.3154604287
BLE,byte,ble_nrf52_byte_for_byte_run10.csv,3592,1461.416939,0.0084435536,0.0084711850,0.0009099249,0.0125198000,0.0052285400,0.0000242573,7.4439007570,7.4682544864,0.8019896451,11.0366227955,4.6102520199,37.3712029120,4.0262919591,0.3143869167
BLE,byte,ble_nrf52_byte_for_byte_run11.csv,3599,1404.227572,0.0084366601,0.0084625400,0.0009165544,0.0125198000,0.0052280600,0.0000249021,7.4378249397,7.4606349562,0.8078327544,11.0366227955,4.6098289575,37.3407000065,4.0556265818,0.3215971480
BLE,byte,ble_nrf52_byte_for_byte_run12.csv,3595,1427.405626,0.0084406097,0.0084639700,0.0009017676,0.0123940000,0.0052229300,0.0000243220,7.4413060304,7.4618953296,0.7947999042,10.9257451908,4.6053074781,37.3581764012,3.9901967349,0.3151792395
BLE,byte,ble_nrf52_byte_for_byte_run13.csv,3592,1451.680303,0.0084515605,0.0084712400,0.0009099938,0.0124113000,0.0052243600,0.0000243373,7.4509578381,7.4683029623,0.8020503013,10.9409930649,4.6065678515,37.4066321337,4.0265964760,0.3150029726
BLE,byte,ble_nrf52_byte_for_byte_run14.csv,3588,1432.911489,0.0084458472,0.0084615850,0.0009048329,0.0124858000,0.0052280600,0.0000243565,7.4459222454,7.4597932383,0.7975016092,11.0066558753,4.6098289575,37.3813515499,4.0037603178,0.3153886004
BLE,byte,ble_nrf52_byte_for_byte_run15.csv,3586,1466.001284,0.0084374214,0.0084677900,0.0009056803,0.0124281000,0.0052272200,0.0000241120,7.4384959587,7.4652622013,0.7982485103,10.9558002490,4.6090885983,37.3440687766,4.0075100441,0.3130050544
BLE,byte,ble_nrf52_byte_for_byte_run16.csv,3586,1496.465806,0.0084827982,0.0085049850,0.0008857791,0.0124828000,0.0052281800,0.0000233705,7.4784901102,7.4980451305,0.7807079739,11.0040117353,4.6099347231,37.5448545738,3.9194499041,0.3036625855
BLE,byte,ble_nrf52_byte_for_byte_run17.csv,3586,1527.627500,0.0084552438,0.0084974750,0.0008926369,0.0125100000,0.0052273400,0.0000233123,7.4542042298,7.4914259667,0.7867523006,11.0279852714,4.6091943639,37.4229302503,3.9497947150,0.3038527980
BLE,byte,ble_nrf52_byte_for_byte_run18.csv,3589,1527.954951,0.0084246265,0.0084450100,0.0009191891,0.0125068000,0.0052212600,0.0000239757,7.4272187116,7.4451843647,0.8101548707,11.0251648554,4.6038355735,37.2874527219,4.0672844859,0.3119249822
BLE,byte,ble_nrf52_byte_for_byte_run19.csv,3592,1515.507025,0.0084518454,0.0084746400,0.0009002332,0.0124933000,0.0052218600,0.0000235928,7.4512089308,7.4712996543,0.7934475502,11.0132662253,4.6043644015,37.4078927142,3.9834074050,0.3069667925
BLE,byte,ble_nrf52_byte_for_byte_run20.csv,3590,1520.597111,0.0084869705,0.0085099300,0.0008882989,0.0124043000,0.0052168500,0.0000232551,7.4821675289,7.5024035547,0.7829288959,10.9348234049,4.5999486877,37.5633166093,3.9305997741,0.3023075484
BLE,byte,ble_nrf52_byte_for_byte_run21.csv,3590,1444.021267,0.0068199778,0.0068287900,0.0009113543,0.0107867000,0.0035970500,0.0000244307,6.0129134732,6.0206803730,0.8032494331,9.5091031087,3.1722893555,30.1871044275,4.0326165720,0.3802482482
BLE,byte,ble_nrf52_byte_for_byte_run22.csv,3588,1324.427531,0.0067336921,0.0067501600,0.0009409302,0.0108391000,0.0036067000,0.0000262707,5.9368630064,5.9513774632,0.8293170950,9.5552874210,3.1807946726,29.8053022622,4.1634861140,0.4104350736
BLE,byte,ble_nrf52_byte_for_byte_run23.csv,3589,1351.975148,0.0084294642,0.0084619400,0.0009304369,0.0123968000,0.0051359000,0.0000257332,7.4314826016,7.4601061282,0.8200685175,10.9282130548,4.5286009763,37.3088590659,4.1170547497,0.3308977474
BLE,all,ble_nrf52_full_payload_run01.csv,276,39.595591,0.0101084625,0.0113265500,0.0022924574,0.0118496000,0.0051614100,0.0003643460,8.9113181056,9.9849161045,2.0205261112,10.4459219161,4.5510849802,44.7381941286,10.1438068234,3.6058565692
BLE,all,ble_nrf52_full_payload_run02.csv,270,55.485752,0.0102791957,0.0113398000,0.0019626534,0.0117937000,0.0052805200,0.0002635251,9.0617989369,9.9965943895,1.7298434271,10.3966527738,4.6560661526,45.4936649310,8.6844695852,2.5663181506
BLE,all,ble_nrf52_full_payload_run03.csv,277,53.561858,0.0101499876,0.0113145000,0.0020181807,0.0118161000,0.0052269900,0.0002758007,8.9479175139,9.9742954754,1.7787841170,10.4163956859,4.6088858809,44.9219370285,8.9301703964,2.7196750806
BLE,all,ble_nrf52_full_payload_run04.csv,277,51.070764,0.0101122370,0.0113138000,0.0020401982,0.0119544000,0.0052362900,0.0002855256,8.9146449096,9.9736785094,1.7981898789,10.5382905406,4.6170827150,44.7548959452,9.0275946756,2.8258505313
BLE,all,ble_nrf52_full_payload_run05.csv,279,52.334201,0.0101468197,0.0113141000,0.0020173032,0.0118258000,0.0052315200,0.0002788946,8.9451253868,9.9739429234,1.7780106857,10.4249450720,4.6128785324,44.9079194924,8.9262874782,2.7509736262
BLE,all,ble_nrf52_full_payload_run06.csv,280,54.209373,0.0101479138,0.0113182500,0.0020393717,0.0118971000,0.0052429600,0.0002770268,8.9460897120,9.9776006504,1.7974614105,10.4877874663,4.6229615196,44.9127607702,9.0239374881,2.7322957876
BLE,all,ble_nrf52_full_payload_run07.csv,278,58.305531,0.0101542923,0.0113193000,0.0020597177,0.0118136000,0.0052372400,0.0002697856,8.9517115771,9.9785260994,1.8153939928,10.4141922359,4.6179200260,44.9409846639,9.1139658476,2.6593678662
BLE,all,ble_nrf52_full_payload_run08.csv,281,49.129151,0.0101015481,0.0113181000,0.0020442701,0.0118301000,0.0052594200,0.0002916924,8.9052239045,9.9774684434,1.8017787869,10.4287350060,4.6374690345,44.7075989294,9.0456123537,2.8898073837
BLE,all,ble_nrf52_full_payload_run09.csv,275,54.459951,0.0101557986,0.0113192000,0.0020389538,0.0117837000,0.0052261500,0.0002763323,8.9530392457,9.9784379614,1.7970931000,10.3878389738,4.6081455217,44.9476500631,9.0220884299,2.7233502251
BLE,all,ble_nrf52_full_payload_run10.csv,279,54.735016,0.0101948486,0.0113178000,0.0019963136,0.0118451000,0.0052664500,0.0002698746,8.9874570891,9.9772040294,1.7595108759,10.4419557061,4.6436651359,45.1204406811,8.8334114217,2.6496874003
BLE,all,ble_nrf52_full_payload_run11.csv,280,53.724733,0.0101514627,0.0113109000,0.0020385736,0.0119077000,0.0052293700,0.0002781642,8.9492176667,9.9711225074,1.7967579790,10.4971300944,4.6109835653,44.9284642882,9.0204059954,2.7425331996
BLE,all,ble_nrf52_full_payload_run12.csv,278,54.786672,0.0101111240,0.0113109000,0.0020608780,0.0118422000,0.0052300900,0.0002784689,8.9136639241,9.9711225074,1.8164166775,10.4393997041,4.6116181590,44.7499710263,9.1191001123,2.7564578867
BLE,all,ble_nrf52_full_payload_run13.csv,278,53.539345,0.0101339302,0.0113131000,0.0020449634,0.0118993000,0.0052345000,0.0002795184,8.9337648731,9.9730615434,1.8023898639,10.4897265023,4.6155050448,44.8508854081,9.0486801921,2.7606123445
BLE,all,ble_nrf52_full_payload_run14.csv,277,53.433416,0.0102087486,0.0113149000,0.0020140573,0.0118103000,0.0052230500,0.0002755679,8.9997082621,9.9746480274,1.7751498151,10.4112836819,4.6054132437,45.1819462123,8.9119248234,2.7017813877
BLE,all,ble_nrf52_full_payload_run15.csv,277,55.194030,0.0101135208,0.0113169000,0.0020815818,0.0119050000,0.0052472500,0.0002802261,8.9157764488,9.9764107874,1.8346646132,10.4947503684,4.6267426398,44.7605767008,9.2107116648,2.7731583247
BLE,all,ble_nrf52_full_payload_run16.csv,272,59.439092,0.0102262239,0.0113136000,0.0019956465,0.0118687000,0.0052194700,0.0002588923,9.0151107107,9.9735022334,1.7589229491,10.4627562742,4.6022579033,45.2592723417,8.8304598067,2.5343390835
BLE,all,ble_nrf52_full_payload_run17.csv,263,63.392016,0.0103078106,0.0113376000,0.0020004126,0.0118467000,0.0052792100,0.0002512919,9.0870195408,9.9946553535,1.7631236631,10.4433659141,4.6549115448,45.6202819210,8.8515489827,2.4407138155
BLE,all,ble_nrf52_full_payload_run18.csv,265,58.443469,0.0103512342,0.0113434000,0.0019661230,0.0118271000,0.0052833800,0.0002572263,9.1252922165,9.9997673575,1.7329014576,10.4260908660,4.6585868994,45.8124252577,8.6998220575,2.4877463320
BLE,all,ble_nrf52_full_payload_run19.csv,264,57.282947,0.0103368851,0.0113398000,0.0019648305,0.0118122000,0.0052779000,0.0002596473,9.1126452619,9.9965943895,1.7317623432,10.4129583039,4.6537569370,45.7489327527,8.6941032713,2.5145749712
BLE,all,ble_nrf52_full_payload_run20.csv,265,60.191995,0.0103247300,0.0113386000,0.0019820567,0.0117920000,0.0052690700,0.0002555173,9.1019319546,9.9955367335,1.7469451372,10.3951544278,4.6459743515,45.6951478895,8.7703266512,2.4775875073
BLE,all,ble_nrf52_full_payload_run21.csv,267,57.417512,0.0103277055,0.0113438000,0.0019580425,0.0118090000,0.0052675200,0.0002584472,9.1045545720,10.0001199095,1.7257795213,10.4101378879,4.6446082125,45.7083144229,8.6640672382,2.5052019436
BLE,all,ble_nrf52_full_payload_run22.csv,263,56.961135,0.0103586890,0.0113413000,0.0019590625,0.0118788000,0.0052768200,0.0002596153,9.1318627815,9.9979164595,1.7266784830,10.4716582122,4.6528050466,45.8454119839,8.6685803665,2.5089890169
BLE,all,ble_nrf52_full_payload_run23.csv,263,58.669459,0.0103437145,0.0113429000,0.0019516991,0.0118682000,0.0052857600,0.0002548478,9.1186645348,9.9993266675,1.7201885967,10.4623155842,4.6606845838,45.7791517837,8.6359986779,2.4665904702
BLE,all,ble_nrf52_full_payload_run24.csv,268,59.880311,0.0104209391,0.0113406000,0.0019073333,0.0118611000,0.0052644200,0.0002465266,9.1867288017,9.9972994935,1.6810854274,10.4560577861,4.6418759345,46.1208601987,8.4396859486,2.3686432060
BLE,all,ble_nrf52_full_payload_run25.csv,264,59.468596,0.0103453867,0.0113430500,0.0019900326,0.0118943000,0.0052812300,0.0002581003,9.1201384276,9.9994588745,1.7539749220,10.4853196023,4.6566919324,45.7865512839,8.8056188352,2.4975839368
BLE,all,ble_nrf52_full_payload_run26.csv,263,56.034812,0.0103589929,0.0113399000,0.0019602507,0.0118902000,0.0052819500,0.0002619104,9.1321305802,9.9966825275,1.7277257585,10.4817059443,4.6573265260,45.8467564352,8.6738380866,2.5310379731
BLE,all,ble_nrf52_full_payload_run27.csv,264,58.510097,0.0103489380,0.0113432500,0.0019787428,0.0118486000,0.0052626300,0.0002587294,9.1232683949,9.9996351505,1.7440243348,10.4450405361,4.6402982643,45.8022649063,8.7556631163,2.5027988122
BLE,all,ble_nrf52_full_payload_run28.csv,263,55.925455,0.0103929008,0.0113414000,0.0019385255,0.0118655000,0.0052436800,0.0002592617,9.1620163665,9.9980045975,1.7085776098,10.4599358582,4.6235961132,45.9967944086,8.5777071229,2.4973554094
BLE,all,ble_nrf52_full_payload_run29.csv,263,56.177584,0.0103582702,0.0113447000,0.0019655307,0.0118594000,0.0052660900,0.0002622818,9.1314936407,10.0009131515,1.7323794202,10.4545594401,4.6433478391,45.8435587576,8.6972012318,2.5347944327
BLE,all,ble_nrf52_full_payload_run30.csv,264,60.833941,0.0103290589,0.0113399000,0.0019789125,0.0119262000,0.0052712200,0.0002537630,9.1057473951,9.9966825275,1.7441739117,10.5134356245,4.6478693186,45.7143028468,8.7564140488,2.4595940700
lora,chunk,LoRa_exp_run01.csv,967,629.410218,0.0898566708,0.0881229000,0.0364038659,0.1431760000,0.0365627000,0.0014510723,79.1997944039,77.6716834542,32.0856395441,126.1943850095,32.2275541186,397.6129832848,161.0820704238,1.6198889065
lora,chunk,LoRa_exp_run02.csv,969,626.814001,0.0899933426,0.0886783000,0.0365768182,0.1429480000,0.0366250000,0.0014609822,79.3202541812,78.1612019090,32.2380761927,125.9934303684,32.2824640929,398.2177370192,161.8473601710,1.6284215175
lora,chunk,LoRa_exp_run03.csv,967,632.046725,0.0900552173,0.0893549000,0.0364505014,0.1429770000,0.0366943000,0.0014498978,79.3747892593,78.7575436204,32.1267431490,126.0189903885,32.3435437272,398.4915237793,161.2884260980,1.6150398072
lora,chunk,LoRa_exp_run04.csv,969,641.650838,0.0900395545,0.0884340000,0.0363443217,0.1430650000,0.0366532000,0.0014348148,79.3609843976,77.9458807738,32.0331584106,126.0965518290,32.3073190090,398.4222181414,160.8185952445,1.5986209337
lora,chunk,LoRa_exp_run05.csv,968,643.135594,0.0899883921,0.0884799000,0.0364439587,0.1429960000,0.0366595000,0.0014370865,79.3158909337,77.9863361160,32.1209764986,126.0357366086,32.3128717030,398.1958318633,161.2594753277,1.6020402643
lora,chunk,LoRa_exp_run06.csv,968,640.794438,0.0899225160,0.0874187000,0.0363368138,0.1430130000,0.0366707000,0.0014354766,79.2578290243,77.0510156547,32.0265411448,126.0507200687,32.3227431591,397.9043390736,160.7853740621,1.6014218553
lora,chunk,LoRa_exp_run07.csv,970,642.121646,0.0898499233,0.0886894500,0.0364465686,0.1430320000,0.0367018000,0.0014383235,79.1938472582,78.1710292961,32.1232768541,126.0674662888,32.3501540773,397.5831263597,161.2710239840,1.6058658147
lora,chunk,LoRa_exp_run08.csv,971,634.017584,0.0901984329,0.0881438000,0.0365747778,0.1430230000,0.0366995000,0.0014525782,79.5010166104,77.6901042963,32.2362778521,126.0595338688,32.3481269032,399.1252329199,161.8383318195,1.6154538350
lora,chunk,LoRa_exp_run09.csv,970,641.285330,0.0898825723,0.0872456500,0.0364058308,0.1430330000,0.0367053000,0.0014376524,79.2226234067,76.8984928448,32.0873713714,126.0683476688,32.3532389073,397.7275935309,161.0907648536,1.6045419535
lora,chunk,LoRa_exp_run10.csv,969,645.793707,0.0903988157,0.0900163000,0.0365436582,0.1430390000,0.0367017000,0.0014380494,79.6776300333,79.3404883558,32.2088496614,126.0736359488,32.3500659393,400.0118992361,161.7006319073,1.5958750776
lora,chunk,LoRa_exp_run11.csv,971,646.291940,0.0898877455,0.0888615000,0.0364455320,0.1430440000,0.0367134000,0.0014336350,79.2271830076,78.3226707260,32.1223632110,126.0780428489,32.3603780853,397.7504844555,161.2664371493,1.5999951257
lora,chunk,LoRa_exp_run12.csv,970,645.576837,0.0899560955,0.0891503500,0.0363598695,0.1430370000,0.0367043000,0.0014310574,79.2874252815,78.5772573404,32.0468619806,126.0718731888,32.3523575273,398.0529235010,160.8873923594,1.5959311011
lora,chunk,LoRa_exp_run13.csv,968,640.325965,0.0902399230,0.0900060000,0.0364097670,0.1430700000,0.0366979000,0.0014388847,79.5375852294,79.3314101417,32.0908405991,126.1009587290,32.3467166952,399.3088212461,161.1081816913,1.5995896497
lora,chunk,LoRa_exp_run14.csv,970,651.856253,0.0901193549,0.0878908000,0.0364829986,0.1430290000,0.0367177000,0.0014289708,79.4313189268,77.4671151551,32.1553855073,126.0648221488,32.3641680193,398.7753241337,161.4322215917,1.5907507694
lora,chunk,LoRa_exp_run15.csv,971,643.690284,0.0898011564,0.0866842000,0.0364534578,0.1430640000,0.0367729000,0.0014368415,79.1508651208,76.4036420410,32.1293488018,126.0956704490,32.4128201956,397.3673397407,161.3015074625,1.6050872484
lora,chunk,LoRa_exp_run16.csv,970,641.768343,0.0898427665,0.0878953500,0.0364279822,0.1430750000,0.0367235000,0.0014379857,79.1875393941,77.4711254341,32.1068951067,126.1053656290,32.3692800234,397.5514584915,161.1887814037,1.6056180997
lora,chunk,LoRa_exp_run17.csv,970,641.484697,0.0902207188,0.0892632000,0.0364058219,0.1430750000,0.0367110000,0.0014374288,79.5206589660,78.6767210740,32.0873634592,126.1053656290,32.3582627733,399.2238449892,161.0907251309,1.5983195002
lora,chunk,LoRa_exp_run18.csv,970,643.886298,0.0901666428,0.0873258000,0.0364899177,0.1430350000,0.0367394000,0.0014380598,79.4729974791,76.9691354522,32.1614838263,126.0701104288,32.3832939655,398.9845662617,161.4628374641,1.5999694079
lora,chunk,LoRa_exp_run19.csv,969,647.669948,0.0900098871,0.0872644000,0.0363286620,0.1430720000,0.0367249000,0.0014275170,79.3348361540,76.9150187199,32.0193562797,126.1027214890,32.3705139554,398.2909440492,160.7493033167,1.5910629243
lora,chunk,LoRa_exp_run20.csv,970,638.378543,0.0900663356,0.0888664500,0.0364452264,0.1431120000,0.0367515000,0.0014424810,79.3845887041,78.3270335570,32.1220938592,126.1379766892,32.3939586635,398.5407207058,161.2650849016,1.6066329687
lora,chunk,LoRa_exp_run21.csv,966,646.791963,0.0904413376,0.0893666000,0.0364984620,0.1431070000,0.0367417000,0.0014351622,79.7151079781,78.7678557665,32.1690146549,126.1335697892,32.3853211395,400.2000527226,161.5006450780,1.5919476201
lora,chunk,LoRa_exp_run22.csv,970,642.043181,0.0897632381,0.0876891500,0.0364056420,0.1430980000,0.0367340000,0.0014367962,79.1174446962,77.2893848771,32.0872049274,126.1256373691,32.3785345134,397.1995565430,161.0899292412,1.6057106933
lora,chunk,LoRa_exp_run23.csv,968,643.023723,0.0903749043,0.0902773500,0.0364355130,0.1430980000,0.0367128000,0.0014368786,79.6565550498,79.5705726061,32.1135325881,126.1256373691,32.3598492573,399.9060948317,161.2221040758,1.5950033467
lora,chunk,LoRa_exp_run24.csv,965,642.512713,0.0900529553,0.0870233000,0.0363796473,0.1430920000,0.0367255000,0.0014352458,79.3727956367,76.7025180007,32.0642937358,126.1203490891,32.3710427834,398.4815150382,160.9749063764,1.5988616202
lora,chunk,LoRa_exp_run25.csv,968,638.868274,0.0901010651,0.0887061500,0.0364234033,0.1431040000,0.0367366000,0.0014410646,79.4151986047,78.1857483422,32.1028593699,126.1309256492,32.3808261014,398.6943940078,161.1685204754,1.6044507311
lora,chunk,LoRa_exp_run26.csv,971,632.964989,0.0903328819,0.0887737000,0.0366215591,0.1431130000,0.0367428000,0.0014556449,79.6195172898,78.2452855615,32.2775099440,126.1388580692,32.3862906575,399.7201512401,162.0453325471,1.6164487221
lora,chunk,LoRa_exp_run27.csv,971,645.341365,0.0900701778,0.0885534000,0.0365287207,0.1431090000,0.0367497000,0.0014379651,79.3879751317,78.0511175464,32.1956840066,126.1353325492,32.3923721795,398.5577218557,161.6345353308,1.6015672168
lora,chunk,LoRa_exp_run28.csv,968,644.115521,0.0900484485,0.0877152500,0.0363238634,0.1431470000,0.0367756000,0.0014312611,79.3688233572,77.3123888952,32.0151269371,126.1688249894,32.4151999216,398.4615726895,160.7280704138,1.5945303639
lora,chunk,LoRa_exp_run29.csv,967,652.768438,0.0902039765,0.0878526000,0.0364058234,0.1429940000,0.0367524000,0.0014249515,79.5059026926,77.4334464389,32.0873648059,126.0339738486,32.3947519055,399.1497629043,161.0907318919,1.5848269773
lora,chunk,LoRa_exp_run30.csv,967,644.530605,0.0900996697,0.0892688000,0.0363147253,0.1429970000,0.0367627000,0.0014304402,79.4139687425,78.6816568020,32.0070727507,126.0366179886,32.4038301196,398.6882196331,160.6876353459,1.5927216542
lora,byte,LoRa_1B_run01.csv,3655,151.176730,0.1027097351,0.1049740000,0.0119472028,0.1054410000,0.0369785000,0.0009717328,90.5282282746,92.5239060571,10.5300256615,92.9355105195,32.5940319247,454.4860145998,52.8647195216,0.9546765544
lora,byte,LoRa_1B_run018.csv,3653,164.548319,0.1029787861,0.1051330000,0.0117508438,0.1055830000,0.0370820000,0.0009161117,90.7653643901,92.6640454779,10.3569587830,93.0606664802,32.6852547552,455.6765277706,51.9958582020,0.8987344342
lora,byte,LoRa_1B_run02.csv,3659,166.916890,0.1028331634,0.1050440000,0.0118987126,0.1055000000,0.0370348000,0.0009210339,90.6370155126,92.5856026575,10.4872873394,92.9875119398,32.6436536189,455.0321677632,52.6501569474,0.9047195248
lora,byte,LoRa_1B_run03.csv,3656,144.526798,0.1028015187,0.1050140000,0.0118246425,0.1054320000,0.0370106000,0.0009836405,90.6091244377,92.5591612573,10.4220034627,92.9275780994,32.6223242228,454.8921439969,52.3224071452,0.9653191784
lora,byte,LoRa_1B_run04.csv,3657,146.028588,0.1027829232,0.1050230000,0.0119465173,0.1054550000,0.0370060000,0.0009886549,90.5927347900,92.5670936774,10.5294214560,92.9478498395,32.6182698748,454.8098617541,52.8616861812,0.9703265068
lora,byte,LoRa_1B_run05.csv,3657,152.850517,0.1028734265,0.1050850000,0.0118472657,0.1056000000,0.0370721000,0.0009583154,90.6725025967,92.6217392377,10.4419430824,93.0756499403,32.6765290931,455.2103263744,52.4225115929,0.9402619523
lora,byte,LoRa_1B_run06.csv,3652,176.904251,0.1028805299,0.1050410000,0.0117868903,0.1054760000,0.0370203000,0.0008862535,90.6787633470,92.5829585175,10.3887294232,92.9663588196,32.6308736089,455.2417577135,52.1553588565,0.8708581792
lora,byte,LoRa_1B_run07.csv,3656,168.929744,0.1027997697,0.1050385000,0.0119457014,0.1054740000,0.0370242000,0.0009191459,90.6075829870,92.5807550674,10.5287023640,92.9645960596,32.6343109909,454.8844053302,52.8580760668,0.9031894900
lora,byte,LoRa_1B_run08.csv,3657,147.296214,0.1028682966,0.1050950000,0.0119032049,0.1055400000,0.0370819000,0.0009808235,90.6679811679,92.6305530377,10.4912468145,93.0227671400,32.6851666172,455.1876270882,52.6700350133,0.9619893362
lora,byte,LoRa_1B_run09.csv,3650,145.319799,0.1029017691,0.1050880000,0.0117652282,0.1055170000,0.0370665000,0.0009760250,90.6974831966,92.6243833777,10.3696368539,93.0024953999,32.6715933651,455.3357384530,52.0595069228,0.9570604537
lora,byte,LoRa_1B_run10.csv,3657,159.426697,0.1028817926,0.1050750000,0.0118037312,0.1055160000,0.0370502000,0.0009348971,90.6798762551,92.6129254376,10.4035726947,93.0016140198,32.6572268710,455.2473449339,52.2298777048,0.9176416950
lora,byte,LoRa_1B_run11.csv,3658,146.817337,0.1028605185,0.1050970000,0.0119128384,0.1055440000,0.0370918000,0.0009832166,90.6611257044,92.6323157977,10.4997375929,93.0262926600,32.6938922792,455.1532100636,52.7126619387,0.9643667244
lora,byte,LoRa_1B_run12.csv,3658,176.083872,0.1028984920,0.1051205000,0.0119423892,0.1055490000,0.0370951000,0.0009000330,90.6945947969,92.6530282279,10.5257830957,93.0306995600,32.6968008332,455.3212375923,52.8434202337,0.8839575713
lora,byte,LoRa_1B_run13.csv,3655,174.419060,0.1028819978,0.1050750000,0.0118473235,0.1055270000,0.0370501000,0.0008971198,90.6800571333,92.6129254376,10.4419940695,93.0113091999,32.6571387330,455.2482530113,52.4227675673,0.8812946596
lora,byte,LoRa_1B_run14.csv,3657,166.190374,0.1028711509,0.1050680000,0.0118699119,0.1054720000,0.0370508000,0.0009208107,90.6704968727,92.6067557776,10.4619030204,92.9628332996,32.6577556990,455.2002568799,52.5227180459,0.9041773670
lora,byte,LoRa_1B_run15.csv,3653,151.892220,0.1028378355,0.1050610000,0.0118936951,0.1054890000,0.0370533000,0.0009651004,90.6411334079,92.6005861176,10.4828650298,92.9778167597,32.6599591490,455.0528411585,52.6279552775,0.9471181301
lora,byte,LoRa_1B_run16.csv,3542,149.147974,0.1009071984,0.1034400000,0.0120069059,0.1053100000,0.0366182000,0.0009832057,88.9395084094,91.1718691294,10.5826467879,92.8200497388,32.2764707088,446.5100387788,53.1288975188,0.9826983368
lora,byte,LoRa_1B_run17.csv,3635,173.300911,0.1026275180,0.1049160000,0.0117996053,0.1054980000,0.0369355000,0.0008963842,90.4557637329,92.4727860168,10.3999361630,92.9857491798,32.5561325844,454.1222151377,52.2116209373,0.8827247056
lora,byte,LoRa_1B_run19.csv,3655,148.636265,0.1029654399,0.1051220000,0.0117023773,0.1055930000,0.0370730000,0.0009599210,90.7536013619,92.6543502979,10.3142413654,93.0694802802,32.6773223351,455.6174729106,51.7814005765,0.9409820220
lora,byte,LoRa_1B_run20.csv,3652,154.835429,0.1029238237,0.1050970000,0.0117786194,0.1055120000,0.0370588000,0.0009466374,90.7169216951,92.6323157977,10.3814396649,92.9980884998,32.6648067391,455.4333270826,52.1187615071,0.9285707587
lora,byte,LoRa_1B_run21.csv,3653,168.865342,0.1029359984,0.1051000000,0.0117911482,0.1055500000,0.0370514000,0.0009074285,90.7276522316,92.6349599378,10.3924822189,93.0315809400,32.6582845270,455.4871984424,52.1741993130,0.8907516364
lora,byte,LoRa_1B_run22.csv,3656,157.842185,0.1028997349,0.1050755000,0.0117727814,0.1055120000,0.0370156000,0.0009371141,90.6956902983,92.6133661276,10.3762941364,92.9980884998,32.6267311228,455.3267374242,52.0929290040,0.9196182603
lora,byte,LoRa_1B_run23.csv,3651,159.241627,0.1029493089,0.1051280000,0.0117968857,0.1055840000,0.0370707000,0.0009348978,90.7393838067,92.6596385779,10.3975391521,93.0615478602,32.6752951611,455.5460953954,52.1995870344,0.9170522177
lora,byte,LoRa_1B_run24.csv,3646,157.112561,0.1025846100,0.1048295000,0.0117371298,0.1052920000,0.0368914000,0.0009364429,90.4179454482,92.3965466464,10.3448715236,92.8041848987,32.5172637262,453.9323530162,51.9351755791,0.9217406598
lora,byte,LoRa_1B_run25.csv,3652,163.306606,0.1027544673,0.1049040000,0.0117476457,0.1053430000,0.0369163000,0.0009193371,90.5676543197,92.4622094568,10.3541400652,92.8491352790,32.5392100883,454.6839482884,51.9817071708,0.9037639228
lora,byte,LoRa_1B_run26.csv,3656,162.476808,0.1027774885,0.1049420000,0.0117347527,0.1054020000,0.0369330000,0.0009206700,90.5879447026,92.4957018970,10.3427763540,92.9011366993,32.5539291344,454.7858137000,51.9246570336,0.9048493973
lora,byte,LoRa_1B_run27.csv,3652,159.138818,0.1027664189,0.1049200000,0.0117254653,0.1053060000,0.0369323000,0.0009295383,90.5781882588,92.4763115368,10.3345906585,92.8165242188,32.5533121684,454.7368326549,51.8835617400,0.9134885101
lora,byte,LoRa_1B_run28.csv,3652,166.843985,0.1027856414,0.1049190000,0.0116964267,0.1053210000,0.0369379000,0.0009055753,90.5951305691,92.4754301568,10.3089966071,92.8297449189,32.5582478964,454.8218894732,51.7550699024,0.8902434803
lora,byte,LoRa_1B_run29.csv,3654,170.599036,0.1027774720,0.1049485000,0.0118216436,0.1053530000,0.0369481000,0.0009051410,90.5879302244,92.5014308670,10.4193602705,92.8579490790,32.5672379725,454.7857410142,52.3091373188,0.8898946137
lora,byte,LoRa_1B_run30.csv,3653,160.049508,0.1028113580,0.1049610000,0.0117332998,0.1053900000,0.0369595000,0.0009275096,90.6177965983,92.5124481171,10.3414958378,92.8905601392,32.5772857046,454.9356815298,51.9182283573,0.9111433080
lora,all,LoRa_run01.csv,90,99.338475,0.0397791100,0.0367032500,0.0137994582,0.1329970000,0.0366194000,0.0013845449,35.0624335806,32.3514320783,12.1625665209,117.2228179383,32.2775283648,176.0267046414,61.0606933412,3.4827399359
lora,all,LoRa_run02.csv,88,96.622861,0.0394972966,0.0367004000,0.0130625009,0.1413710000,0.0365484000,0.0013288943,34.8140488766,32.3489201453,11.5130270754,124.6034941004,32.2149503845,174.7797192942,57.7997591604,3.3667626697
lora,all,LoRa_run03.csv,92,93.348716,0.0388445120,0.0366937000,0.0098039525,0.1210820000,0.0366662000,0.0010147380,34.2386975523,32.3430148992,8.6410077355,106.7211751782,32.3187769491,171.8912375976,43.3811336273,2.6152878035
lora,all,LoRa_run04.csv,90,73.344379,0.0388075789,0.0366998000,0.0082095640,0.0917728000,0.0366715000,0.0009586154,34.2061454850,32.3483913173,7.2357455760,80.8886323346,32.3234482631,171.7278138829,36.3261850165,2.4733438476
lora,all,LoRa_run05.csv,91,97.667105,0.0395419692,0.0367012000,0.0126845031,0.1196470000,0.0366367000,0.0012835230,34.8534224482,32.3496252493,11.1798674009,105.4563948710,32.2927762389,174.9773895452,56.1271713324,3.2483147819
lora,all,LoRa_run06.csv,89,98.151866,0.0395374831,0.0366892000,0.0131692230,0.1412380000,0.0365450000,0.0013292753,34.8494685028,32.3390486892,11.6070898592,124.4862705598,32.2119536925,174.9575392411,58.2719899834,3.3643085919
lora,all,LoRa_run07.csv,90,85.211955,0.0387775789,0.0366949000,0.0088613572,0.1111190000,0.0366738000,0.0009599700,34.1797040848,32.3440725552,7.8102230155,97.9399861881,32.3254754371,171.5950680333,39.2102794799,2.4787406066
lora,all,LoRa_run08.csv,88,75.825346,0.0389396091,0.0366916500,0.0089535983,0.0981906000,0.0366718000,0.0010282462,34.3225142651,32.3412080702,7.8915224767,86.5451529310,32.3237126771,172.3120292609,39.6184335859,2.6435636465
lora,all,LoRa_run09.csv,92,101.103742,0.0396224185,0.0366925500,0.0132634668,0.1287660000,0.0366206000,0.0013190995,34.9243288063,32.3420013122,11.6901544530,113.4936991369,32.2785860209,175.3333663355,58.6890057240,3.3314460006
lora,all,LoRa_run10.csv,91,99.788856,0.0394037934,0.0366994000,0.0127515184,0.1405460000,0.0365372000,0.0012765131,34.7316370396,32.3480387652,11.2389333747,123.8763555963,32.2050789284,174.3659806394,56.4237049059,3.2419120917
lora,all,LoRa_run11.csv,92,81.110873,0.0386366957,0.0366981500,0.0081102212,0.1039170000,0.0366836000,0.0009005376,34.0555324169,32.3469370402,7.1481868002,91.5922873918,32.3341129612,170.9716792015,35.8866067785,2.3341562105
lora,all,LoRa_run12.csv,91,82.347222,0.0389947143,0.0367036000,0.0095200924,0.1037050000,0.0366814000,0.0010491151,34.3710828820,32.3517405613,8.3908191180,91.4054348307,32.3321739252,172.5558621243,42.1250919506,2.6932895769
lora,all,LoRa_run13.csv,90,97.451214,0.0396532200,0.0367027000,0.0127643959,0.1203160000,0.0366491000,0.0012930370,34.9514766517,32.3509473193,11.2502832884,106.0460380944,32.3037053510,175.4696588079,56.4806857742,3.2631889880
lora,all,LoRa_run14.csv,92,101.285769,0.0394968054,0.0366977000,0.0130637990,0.1421210000,0.0365487000,0.0012980742,34.8136159814,32.3465404192,11.5141712090,125.2645291042,32.2152147985,174.7775459963,57.8055031444,3.2888345530
lora,all,LoRa_run15.csv,92,80.874892,0.0386490120,0.0366918000,0.0081093554,0.1037390000,0.0366726000,0.0009017542,34.0663877613,32.3413402772,7.1474237382,91.4354017509,32.3244177811,171.0261771443,35.8827759182,2.3365574309
lora,all,LoRa_run16.csv,89,81.227011,0.0391274494,0.0366966000,0.0099897196,0.1060150000,0.0366762000,0.0011084315,34.4880729913,32.3455709012,8.8047391207,93.4414226424,32.3275907491,173.1431968106,44.2031272326,2.8356006073
lora,all,LoRa_run17.csv,89,98.543838,0.0397373843,0.0367010000,0.0136060987,0.1320560000,0.0366194000,0.0013706378,35.0256573561,32.3494489733,11.9921433297,116.3934393535,32.2775283648,175.8420740573,60.2051043341,3.4514200261
lora,all,LoRa_run18.csv,90,98.384085,0.0392879389,0.0367029000,0.0120625128,0.1360860000,0.0365306000,0.0012161305,34.6295251842,32.3511235953,10.6316575932,119.9454007738,32.1992618204,173.8533404267,53.3749503356,3.0978975800
lora,all,LoRa_run19.csv,91,56.293791,0.0389287945,0.0366950000,0.0080058006,0.0924992000,0.0366722000,0.0010670401,34.3129825057,32.3441606932,7.0561525884,81.5288667703,32.3240652291,172.2641762166,35.4245601559,2.7438319246
lora,all,LoRa_run20.csv,91,89.132477,0.0392179978,0.0367032000,0.0107841687,0.1114100000,0.0366821000,0.0011422842,34.5678805088,32.3513880093,9.5049506436,98.1964677695,32.3327908912,173.5438607942,47.7184544460,2.9152961258
lora,all,LoRa_run21.csv,91,100.792255,0.0397461044,0.0366991000,0.0137653856,0.1392090000,0.0365848000,0.0013711300,35.0333431008,32.3477743512,12.1325356209,122.6979505295,32.2470326167,175.8806594082,60.9099268419,3.4519012347
lora,all,LoRa_run22.csv,91,96.603104,0.0390792549,0.0367043000,0.0108555487,0.1291010000,0.0366783000,0.0011044907,34.4455953287,32.3523575273,9.5678635677,113.7889614386,32.3294416471,172.9299428459,48.0343011679,2.8290170716
lora,all,LoRa_run23.csv,90,67.230654,0.0385966756,0.0367061000,0.0071585949,0.0787155000,0.0366803000,0.0008730787,34.0202595040,32.3539440113,6.3094423802,69.3801891949,32.3312044072,170.7945958106,31.6757919204,2.2655396358
lora,all,LoRa_run24.csv,92,95.836725,0.0393915870,0.0367078500,0.0118850510,0.1154800000,0.0366659000,0.0012140594,34.7208785185,32.3554864263,10.4752462775,101.7836843900,32.3185125351,174.3119687866,52.5897062535,3.0845075637
lora,all,LoRa_run25.csv,90,99.509136,0.0397189389,0.0366973500,0.0137908348,0.1414420000,0.0365778000,0.0013824927,35.0093999663,32.3462319362,12.1549660029,124.6660720808,32.2408629566,175.7604557993,61.0225358603,3.4828455064
lora,all,LoRa_run26.csv,91,99.661435,0.0393100901,0.0367061000,0.0121363365,0.1367920000,0.0365349000,0.0012157069,34.6490488275,32.3539440113,10.6967243282,120.5676550574,32.2030517544,173.9513565150,53.7016100046,3.0950782615
lora,all,LoRa_run27.csv,91,81.636302,0.0386507330,0.0367061000,0.0084700088,0.1089980000,0.0366802000,0.0009374546,34.0679046256,32.3539440113,7.4652964415,96.0705791974,32.3311162692,171.0337923778,37.4786173570,2.4286820618
lora,all,LoRa_run28.csv,89,83.403489,0.0391956449,0.0366982000,0.0104030697,0.1086830000,0.0366756000,0.0011391342,34.5481791464,32.3469811092,9.1690575840,95.7929444958,32.3270619211,173.4449524883,46.0321439888,2.9089271163
lora,all,LoRa_run29.csv,91,100.653704,0.0397218846,0.0366951000,0.0137509560,0.1391500000,0.0365924000,0.0013706351,35.0119962708,32.3442488312,12.1198176839,122.6459491092,32.2537311047,175.7734902315,60.8460779781,3.4527579549
lora,all,LoRa_run30.csv,92,97.968082,0.0389896652,0.0366969000,0.0107272552,0.1281020000,0.0366780000,0.0010838080,34.3666327341,32.3458353152,9.4547882474,112.9084628136,32.3291772331,172.5335206955,47.4666202063,2.7825152198
